# plane x_D = 2 | grid 13 x 13, spacing 0.25 D | 169 of 169 nodes | fields %.3f | nondimensional
y_D,z_D,u_U,v_U,w_U,cp
-1.500,-1.500,1.024,0.007,0.007,-0.032
-1.250,-1.500,1.026,0.008,0.010,-0.036
-1.000,-1.500,1.028,0.008,0.013,-0.039
-0.750,-1.500,1.030,0.008,0.017,-0.042
-0.500,-1.500,1.031,0.006,0.021,-0.045
-0.250,-1.500,1.032,0.003,0.023,-0.047
0.000,-1.500,1.033,0.000,0.023,-0.048
0.250,-1.500,1.033,-0.002,0.023,-0.047
0.500,-1.500,1.032,-0.005,0.021,-0.045
0.750,-1.500,1.030,-0.007,0.018,-0.043
1.000,-1.500,1.028,-0.008,0.014,-0.040
1.250,-1.500,1.027,-0.008,0.011,-0.036
1.500,-1.500,1.025,-0.007,0.007,-0.033
-1.500,-1.250,1.026,0.010,0.008,-0.036
-1.250,-1.250,1.028,0.012,0.012,-0.040
-1.000,-1.250,1.031,0.013,0.017,-0.044
-0.750,-1.250,1.033,0.013,0.024,-0.048
-0.500,-1.250,1.035,0.009,0.030,-0.052
-0.250,-1.250,1.036,0.005,0.033,-0.055
0.000,-1.250,1.037,0.000,0.034,-0.056
0.250,-1.250,1.036,-0.004,0.033,-0.055
0.500,-1.250,1.035,-0.008,0.031,-0.052
0.750,-1.250,1.033,-0.012,0.026,-0.049
1.000,-1.250,1.031,-0.013,0.019,-0.045
1.250,-1.250,1.029,-0.012,0.013,-0.041
1.500,-1.250,1.027,-0.010,0.009,-0.037
-1.500,-1.000,1.028,0.013,0.008,-0.039
-1.250,-1.000,1.031,0.017,0.013,-0.044
-1.000,-1.000,1.033,0.021,0.021,-0.049
-0.750,-1.000,1.035,0.022,0.033,-0.054
-0.500,-1.000,1.035,0.016,0.046,-0.059
-0.250,-1.000,1.028,0.007,0.050,-0.064
0.000,-1.000,1.021,0.001,0.050,-0.066
0.250,-1.000,1.025,-0.005,0.050,-0.064
0.500,-1.000,1.034,-0.014,0.047,-0.060
0.750,-1.000,1.036,-0.022,0.037,-0.055
1.000,-1.000,1.034,-0.022,0.024,-0.050
1.250,-1.000,1.031,-0.018,0.015,-0.045
1.500,-1.000,1.029,-0.014,0.009,-0.040
-1.500,-0.750,1.030,0.017,0.008,-0.042
-1.250,-0.750,1.033,0.024,0.013,-0.048
-1.000,-0.750,1.035,0.033,0.022,-0.054
-0.750,-0.750,1.030,0.043,0.043,-0.060
-0.500,-0.750,0.979,0.039,0.069,-0.066
-0.250,-0.750,0.846,0.019,0.072,-0.073
0.000,-0.750,0.752,0.002,0.065,-0.076
0.250,-0.750,0.812,-0.015,0.070,-0.074
0.500,-0.750,0.951,-0.035,0.072,-0.068
0.750,-0.750,1.024,-0.044,0.050,-0.061
1.000,-0.750,1.036,-0.036,0.026,-0.055
1.250,-0.750,1.034,-0.026,0.015,-0.049
1.500,-0.750,1.031,-0.019,0.009,-0.043
-1.500,-0.500,1.031,0.021,0.006,-0.045
-1.250,-0.500,1.035,0.030,0.009,-0.052
-1.000,-0.500,1.035,0.046,0.017,-0.059
-0.750,-0.500,0.978,0.069,0.039,-0.066
-0.500,-0.500,0.769,0.077,0.077,-0.073
-0.250,-0.500,0.441,0.046,0.072,-0.077
0.000,-0.500,0.232,0.005,0.053,-0.078
0.250,-0.500,0.365,-0.035,0.065,-0.078
0.500,-0.500,0.693,-0.072,0.080,-0.074
0.750,-0.500,0.941,-0.074,0.049,-0.068
1.000,-0.500,1.031,-0.051,0.020,-0.061
1.250,-0.500,1.036,-0.033,0.011,-0.053
1.500,-0.500,1.032,-0.023,0.006,-0.046
-1.500,-0.250,1.032,0.023,0.003,-0.047
-1.250,-0.250,1.036,0.033,0.005,-0.055
-1.000,-0.250,1.027,0.050,0.007,-0.064
-0.750,-0.250,0.845,0.072,0.019,-0.073
-0.500,-0.250,0.440,0.072,0.046,-0.077
-0.250,-0.250,0.110,0.048,0.048,-0.077
0.000,-0.250,-0.083,0.006,0.033,-0.076
0.250,-0.250,0.042,-0.038,0.044,-0.077
0.500,-0.250,0.349,-0.068,0.050,-0.078
0.750,-0.250,0.750,-0.074,0.026,-0.074
1.000,-0.250,1.011,-0.056,0.008,-0.066
1.250,-0.250,1.037,-0.037,0.005,-0.057
1.500,-0.250,1.033,-0.025,0.003,-0.049
-1.500,0.000,1.033,0.023,0.000,-0.048
-1.250,0.000,1.037,0.034,0.000,-0.056
-1.000,0.000,1.021,0.050,0.001,-0.066
-0.750,0.000,0.751,0.065,0.002,-0.076
-0.500,0.000,0.232,0.053,0.005,-0.078
-0.250,0.000,-0.083,0.033,0.006,-0.076
0.000,0.000,-0.207,0.004,0.004,-0.074
0.250,0.000,-0.129,-0.027,0.005,-0.075
0.500,0.000,0.132,-0.048,0.005,-0.078
0.750,0.000,0.620,-0.064,0.003,-0.077
1.000,0.000,0.994,-0.054,0.001,-0.068
1.250,0.000,1.037,-0.037,0.001,-0.058
1.500,0.000,1.034,-0.026,0.000,-0.050
-1.500,0.250,1.033,0.023,-0.002,-0.047
-1.250,0.250,1.036,0.033,-0.004,-0.055
-1.000,0.250,1.025,0.050,-0.005,-0.064
-0.750,0.250,0.811,0.070,-0.015,-0.074
-0.500,0.250,0.364,0.065,-0.035,-0.078
-0.250,0.250,0.042,0.044,-0.038,-0.077
0.000,0.250,-0.130,0.005,-0.027,-0.075
0.250,0.250,-0.019,-0.036,-0.036,-0.076
0.500,0.250,0.271,-0.062,-0.038,-0.078
0.750,0.250,0.702,-0.071,-0.020,-0.075
1.000,0.250,1.005,-0.055,-0.006,-0.067
1.250,0.250,1.037,-0.037,-0.004,-0.057
1.500,0.250,1.034,-0.025,-0.003,-0.049
-1.500,0.500,1.032,0.021,-0.005,-0.045
-1.250,0.500,1.035,0.031,-0.008,-0.052
-1.000,0.500,1.033,0.047,-0.014,-0.060
-0.750,0.500,0.951,0.072,-0.035,-0.068
-0.500,0.500,0.693,0.080,-0.072,-0.074
-0.250,0.500,0.349,0.050,-0.068,-0.078
0.000,0.500,0.131,0.005,-0.048,-0.078
0.250,0.500,0.271,-0.038,-0.062,-0.078
0.500,0.500,0.611,-0.076,-0.076,-0.075
0.750,0.500,0.901,-0.077,-0.045,-0.070
1.000,0.500,1.027,-0.053,-0.017,-0.062
1.250,0.500,1.036,-0.034,-0.009,-0.054
1.500,0.500,1.032,-0.023,-0.006,-0.047
-1.500,0.750,1.030,0.018,-0.007,-0.043
-1.250,0.750,1.033,0.026,-0.012,-0.049
-1.000,0.750,1.036,0.037,-0.022,-0.055
-0.750,0.750,1.024,0.050,-0.044,-0.061
-0.500,0.750,0.941,0.049,-0.074,-0.068
-0.250,0.750,0.750,0.026,-0.074,-0.074
0.000,0.750,0.620,0.003,-0.064,-0.077
0.250,0.750,0.702,-0.020,-0.071,-0.075
0.500,0.750,0.901,-0.045,-0.077,-0.070
0.750,0.750,1.013,-0.052,-0.052,-0.063
1.000,0.750,1.036,-0.040,-0.026,-0.057
1.250,0.750,1.034,-0.028,-0.014,-0.050
1.500,0.750,1.031,-0.020,-0.008,-0.044
-1.500,1.000,1.028,0.014,-0.008,-0.040
-1.250,1.000,1.031,0.019,-0.013,-0.045
-1.000,1.000,1.034,0.024,-0.022,-0.050
-0.750,1.000,1.036,0.026,-0.036,-0.055
-0.500,1.000,1.031,0.020,-0.051,-0.061
-0.250,1.000,1.011,0.008,-0.056,-0.066
0.000,1.000,0.995,0.001,-0.054,-0.068
0.250,1.000,1.005,-0.006,-0.055,-0.067
0.500,1.000,1.027,-0.017,-0.053,-0.062
0.750,1.000,1.036,-0.026,-0.040,-0.057
1.000,1.000,1.034,-0.025,-0.025,-0.051
1.250,1.000,1.032,-0.020,-0.015,-0.046
1.500,1.000,1.029,-0.015,-0.009,-0.041
-1.500,1.250,1.027,0.011,-0.008,-0.036
-1.250,1.250,1.029,0.013,-0.012,-0.041
-1.000,1.250,1.031,0.015,-0.018,-0.045
-0.750,1.250,1.034,0.015,-0.026,-0.049
-0.500,1.250,1.036,0.011,-0.033,-0.053
-0.250,1.250,1.037,0.005,-0.037,-0.057
0.000,1.250,1.037,0.001,-0.037,-0.058
0.250,1.250,1.037,-0.004,-0.037,-0.057
0.500,1.250,1.036,-0.009,-0.034,-0.054
0.750,1.250,1.034,-0.014,-0.028,-0.050
1.000,1.250,1.032,-0.015,-0.020,-0.046
1.250,1.250,1.030,-0.014,-0.014,-0.042
1.500,1.250,1.027,-0.011,-0.009,-0.037
-1.500,1.500,1.025,0.007,-0.007,-0.033
-1.250,1.500,1.027,0.009,-0.010,-0.037
-1.000,1.500,1.029,0.009,-0.014,-0.040
-0.750,1.500,1.031,0.009,-0.019,-0.043
-0.500,1.500,1.032,0.006,-0.023,-0.046
-0.250,1.500,1.033,0.003,-0.025,-0.049
0.000,1.500,1.034,0.000,-0.026,-0.050
0.250,1.500,1.034,-0.003,-0.025,-0.049
0.500,1.500,1.032,-0.006,-0.023,-0.047
0.750,1.500,1.031,-0.008,-0.020,-0.044
1.000,1.500,1.029,-0.009,-0.015,-0.041
1.250,1.500,1.027,-0.009,-0.011,-0.037
1.500,1.500,1.025,-0.008,-0.008,-0.034
