# plane y_D = 0 | grid 33 x 13, spacing 0.25 D | 419 of 429 nodes | fields %.3f | nondimensional
x_D,z_D,u_U,v_U,w_U,cp
-2.000,-1.500,0.993,-0.002,-0.016,0.031
-1.750,-1.500,0.990,-0.002,-0.023,0.038
-1.500,-1.500,0.990,-0.003,-0.030,0.038
-1.250,-1.500,0.990,-0.002,-0.042,0.038
-1.000,-1.500,0.995,-0.001,-0.054,0.028
-0.750,-1.500,1.004,-0.001,-0.063,0.008
-0.500,-1.500,1.017,-0.001,-0.066,-0.019
-0.250,-1.500,1.030,-0.001,-0.062,-0.046
0.000,-1.500,1.041,-0.001,-0.053,-0.067
0.250,-1.500,1.048,-0.001,-0.041,-0.080
0.500,-1.500,1.051,-0.001,-0.029,-0.086
0.750,-1.500,1.052,-0.001,-0.018,-0.087
1.000,-1.500,1.051,-0.000,-0.007,-0.084
1.250,-1.500,1.048,-0.000,0.003,-0.079
1.500,-1.500,1.044,0.000,0.012,-0.070
1.750,-1.500,1.039,0.000,0.019,-0.060
2.000,-1.500,1.033,0.000,0.023,-0.048
2.250,-1.500,1.027,0.000,0.026,-0.036
2.500,-1.500,1.022,0.000,0.026,-0.025
2.750,-1.500,1.018,0.000,0.026,-0.017
3.000,-1.500,1.014,0.000,0.024,-0.010
3.250,-1.500,1.012,0.000,0.022,-0.005
3.500,-1.500,1.010,0.000,0.020,-0.001
3.750,-1.500,1.009,0.000,0.017,0.001
4.000,-1.500,1.008,0.000,0.015,0.003
4.250,-1.500,1.008,0.000,0.013,0.004
4.500,-1.500,1.007,0.000,0.011,0.004
4.750,-1.500,1.007,0.000,0.010,0.004
5.000,-1.500,1.008,0.000,0.009,0.004
5.250,-1.500,1.008,0.000,0.008,0.004
5.500,-1.500,1.008,0.000,0.007,0.003
5.750,-1.500,1.008,0.000,0.006,0.003
6.000,-1.500,1.008,0.000,0.005,0.003
-2.000,-1.250,0.986,-0.004,-0.018,0.047
-1.750,-1.250,0.984,-0.003,-0.026,0.051
-1.500,-1.250,0.981,-0.004,-0.035,0.055
-1.250,-1.250,0.978,-0.003,-0.052,0.060
-1.000,-1.250,0.981,-0.002,-0.074,0.052
-0.750,-1.250,0.995,-0.002,-0.091,0.023
-0.500,-1.250,1.017,-0.002,-0.099,-0.024
-0.250,-1.250,1.041,-0.002,-0.093,-0.071
0.000,-1.250,1.056,-0.002,-0.076,-0.101
0.250,-1.250,1.064,-0.002,-0.056,-0.114
0.500,-1.250,1.066,-0.001,-0.039,-0.116
0.750,-1.250,1.066,-0.001,-0.023,-0.115
1.000,-1.250,1.064,-0.001,-0.008,-0.111
1.250,-1.250,1.060,-0.000,0.006,-0.103
1.500,-1.250,1.054,0.000,0.019,-0.090
1.750,-1.250,1.046,0.000,0.028,-0.074
2.000,-1.250,1.037,0.000,0.034,-0.056
2.250,-1.250,1.029,0.001,0.036,-0.039
2.500,-1.250,1.021,0.001,0.036,-0.025
2.750,-1.250,1.016,0.001,0.034,-0.013
3.000,-1.250,1.012,0.001,0.031,-0.005
3.250,-1.250,1.009,0.000,0.027,0.001
3.500,-1.250,1.007,0.000,0.024,0.005
3.750,-1.250,1.006,0.000,0.020,0.007
4.000,-1.250,1.005,0.000,0.017,0.008
4.250,-1.250,1.005,0.000,0.015,0.008
4.500,-1.250,1.004,0.000,0.013,0.008
4.750,-1.250,1.004,0.000,0.011,0.007
5.000,-1.250,1.005,0.000,0.009,0.006
5.250,-1.250,1.005,0.000,0.008,0.006
5.500,-1.250,1.005,0.000,0.007,0.005
5.750,-1.250,1.005,-0.000,0.006,0.004
6.000,-1.250,1.005,-0.000,0.005,0.004
-2.000,-1.000,0.986,-0.004,-0.018,0.047
-1.750,-1.000,0.977,-0.003,-0.027,0.066
-1.500,-1.000,0.970,-0.004,-0.039,0.078
-1.250,-1.000,0.960,-0.004,-0.063,0.097
-1.000,-1.000,0.955,-0.003,-0.100,0.099
-0.750,-1.000,0.972,-0.004,-0.139,0.058
-0.500,-1.000,1.014,-0.005,-0.163,-0.034
-0.250,-1.000,1.062,-0.005,-0.148,-0.128
0.000,-1.000,1.085,-0.004,-0.111,-0.167
0.250,-1.000,1.089,-0.003,-0.078,-0.167
0.500,-1.000,1.085,-0.003,-0.053,-0.158
0.750,-1.000,1.080,-0.002,-0.033,-0.152
1.000,-1.000,1.074,-0.002,-0.013,-0.149
1.250,-1.000,1.065,-0.001,0.009,-0.139
1.500,-1.000,1.052,-0.000,0.028,-0.120
1.750,-1.000,1.036,0.000,0.042,-0.093
2.000,-1.000,1.021,0.001,0.050,-0.066
2.250,-1.000,1.008,0.001,0.051,-0.041
2.500,-1.000,0.998,0.001,0.049,-0.021
2.750,-1.000,0.991,0.001,0.045,-0.006
3.000,-1.000,0.986,0.001,0.039,0.003
3.250,-1.000,0.982,0.000,0.033,0.009
3.500,-1.000,0.980,0.000,0.028,0.013
3.750,-1.000,0.979,0.000,0.024,0.014
4.000,-1.000,0.978,0.000,0.020,0.014
4.250,-1.000,0.978,0.000,0.016,0.013
4.500,-1.000,0.977,0.000,0.013,0.012
4.750,-1.000,0.977,-0.000,0.011,0.011
5.000,-1.000,0.976,-0.000,0.009,0.010
5.250,-1.000,0.976,-0.000,0.008,0.008
5.500,-1.000,0.975,-0.000,0.007,0.007
5.750,-1.000,0.975,-0.000,0.006,0.006
6.000,-1.000,0.974,-0.000,0.005,0.005
-2.000,-0.750,0.976,-0.005,-0.015,0.067
-1.750,-0.750,0.966,-0.004,-0.026,0.086
-1.500,-0.750,0.954,-0.006,-0.041,0.107
-1.250,-0.750,0.930,-0.006,-0.071,0.152
-1.000,-0.750,0.904,-0.005,-0.128,0.190
-0.750,-0.750,0.906,-0.008,-0.217,0.153
-0.500,-0.750,1.000,-0.010,-0.309,-0.072
-0.250,-0.750,1.129,-0.010,-0.253,-0.313
0.000,-0.750,1.070,-0.007,-0.140,-0.294
0.250,-0.750,0.949,-0.005,-0.076,-0.238
0.500,-0.750,0.845,-0.004,-0.045,-0.202
0.750,-0.750,0.550,-0.003,-0.027,-0.191
1.000,-0.750,0.743,-0.002,-0.012,-0.196
1.250,-0.750,0.732,-0.001,0.015,-0.187
1.500,-0.750,0.732,0.001,0.040,-0.158
1.750,-0.750,0.740,0.001,0.057,-0.117
2.000,-0.750,0.752,0.002,0.065,-0.076
2.250,-0.750,0.765,0.002,0.065,-0.040
2.500,-0.750,0.778,0.002,0.060,-0.013
2.750,-0.750,0.790,0.002,0.053,0.005
3.000,-0.750,0.801,0.001,0.045,0.016
3.250,-0.750,0.811,0.001,0.037,0.021
3.500,-0.750,0.820,0.001,0.031,0.023
3.750,-0.750,0.827,0.001,0.025,0.023
4.000,-0.750,0.834,0.001,0.020,0.022
4.250,-0.750,0.839,0.000,0.016,0.020
4.500,-0.750,0.844,0.000,0.013,0.017
4.750,-0.750,0.848,0.000,0.011,0.015
5.000,-0.750,0.851,0.000,0.009,0.013
5.250,-0.750,0.854,0.000,0.007,0.011
5.500,-0.750,0.857,0.000,0.006,0.009
5.750,-0.750,0.859,0.000,0.005,0.007
6.000,-0.750,0.862,0.000,0.005,0.006
-2.000,-0.500,0.976,-0.005,-0.015,0.067
-1.750,-0.500,0.957,-0.004,-0.022,0.104
-1.500,-0.500,0.938,-0.007,-0.037,0.142
-1.250,-0.500,0.893,-0.008,-0.068,0.223
-1.000,-0.500,0.820,-0.008,-0.135,0.333
-0.750,-0.500,0.729,-0.013,-0.291,0.404
-0.500,-0.500,0.847,-0.006,-0.962,-0.859
-0.250,-0.500,-0.004,-0.001,0.064,-0.627
0.000,-0.500,0.019,-0.001,0.024,-0.335
0.250,-0.500,0.037,0.000,0.002,-0.250
0.500,-0.500,0.018,-0.001,-0.024,-0.203
0.750,-0.500,0.068,-0.003,-0.083,-0.198
1.000,-0.500,0.106,-0.002,-0.035,-0.217
1.250,-0.500,0.113,0.001,0.002,-0.208
1.500,-0.500,0.137,0.003,0.028,-0.175
1.750,-0.500,0.179,0.004,0.044,-0.127
2.000,-0.500,0.232,0.005,0.053,-0.078
2.250,-0.500,0.290,0.005,0.054,-0.036
2.500,-0.500,0.346,0.005,0.050,-0.005
2.750,-0.500,0.397,0.004,0.044,0.015
3.000,-0.500,0.443,0.004,0.037,0.026
3.250,-0.500,0.482,0.003,0.031,0.031
3.500,-0.500,0.516,0.003,0.025,0.032
3.750,-0.500,0.545,0.003,0.020,0.031
4.000,-0.500,0.569,0.002,0.016,0.028
4.250,-0.500,0.591,0.002,0.013,0.025
4.500,-0.500,0.609,0.002,0.011,0.022
4.750,-0.500,0.625,0.002,0.009,0.019
5.000,-0.500,0.640,0.002,0.007,0.016
5.250,-0.500,0.652,0.002,0.006,0.014
5.500,-0.500,0.664,0.001,0.006,0.011
5.750,-0.500,0.674,0.001,0.005,0.009
6.000,-0.500,0.683,0.001,0.005,0.007
-2.000,-0.250,0.969,-0.006,-0.006,0.082
-1.750,-0.250,0.948,-0.005,-0.015,0.121
-1.500,-0.250,0.921,-0.009,-0.027,0.173
-1.250,-0.250,0.856,-0.009,-0.046,0.288
-1.000,-0.250,0.735,-0.010,-0.092,0.475
-0.750,-0.250,0.513,-0.019,-0.195,0.714
-0.500,-0.250,0.029,-0.008,-0.201,0.933
0.500,-0.250,-0.004,0.003,-0.058,-0.157
0.750,-0.250,-0.117,-0.005,-0.086,-0.181
1.000,-0.250,-0.188,-0.004,-0.031,-0.210
1.250,-0.250,-0.209,0.000,-0.000,-0.205
1.500,-0.250,-0.190,0.003,0.017,-0.172
1.750,-0.250,-0.145,0.004,0.028,-0.125
2.000,-0.250,-0.083,0.006,0.033,-0.076
2.250,-0.250,-0.012,0.006,0.034,-0.032
2.500,-0.250,0.059,0.006,0.033,0.000
2.750,-0.250,0.127,0.006,0.029,0.021
3.000,-0.250,0.188,0.006,0.026,0.033
3.250,-0.250,0.241,0.005,0.022,0.037
3.500,-0.250,0.288,0.004,0.019,0.038
3.750,-0.250,0.328,0.004,0.016,0.036
4.000,-0.250,0.363,0.004,0.013,0.033
4.250,-0.250,0.394,0.003,0.011,0.029
4.500,-0.250,0.420,0.003,0.010,0.025
4.750,-0.250,0.443,0.003,0.009,0.021
5.000,-0.250,0.464,0.002,0.008,0.018
5.250,-0.250,0.482,0.002,0.007,0.015
5.500,-0.250,0.499,0.002,0.006,0.013
5.750,-0.250,0.514,0.002,0.006,0.010
6.000,-0.250,0.528,0.002,0.006,0.008
-2.000,0.000,0.969,-0.006,-0.006,0.082
-1.750,0.000,0.944,-0.005,-0.005,0.129
-1.500,0.000,0.912,-0.009,-0.009,0.191
-1.250,0.000,0.837,-0.010,-0.010,0.322
-1.000,0.000,0.697,-0.011,-0.011,0.538
-0.750,0.000,0.443,-0.022,-0.022,0.821
-0.500,0.000,0.016,0.009,-0.009,1.025
0.500,0.000,-0.010,0.005,0.005,-0.125
0.750,0.000,-0.193,-0.006,-0.006,-0.157
1.000,0.000,-0.302,-0.004,-0.004,-0.197
1.250,0.000,-0.333,-0.000,-0.000,-0.198
1.500,0.000,-0.316,0.002,0.002,-0.168
1.750,0.000,-0.270,0.003,0.003,-0.122
2.000,0.000,-0.207,0.004,0.004,-0.074
2.250,0.000,-0.134,0.004,0.005,-0.031
2.500,0.000,-0.060,0.004,0.004,0.002
2.750,0.000,0.010,0.004,0.004,0.023
3.000,0.000,0.075,0.004,0.004,0.034
3.250,0.000,0.132,0.003,0.003,0.039
3.500,0.000,0.182,0.003,0.003,0.039
3.750,0.000,0.226,0.002,0.002,0.037
4.000,0.000,0.263,0.002,0.002,0.034
4.250,0.000,0.296,0.002,0.002,0.030
4.500,0.000,0.326,0.002,0.002,0.026
4.750,0.000,0.351,0.001,0.001,0.022
5.000,0.000,0.374,0.001,0.001,0.019
5.250,0.000,0.395,0.001,0.001,0.016
5.500,0.000,0.414,0.001,0.001,0.013
5.750,0.000,0.431,0.001,0.001,0.010
6.000,0.000,0.448,0.001,0.001,0.008
-2.000,0.250,0.969,-0.006,0.006,0.082
-1.750,0.250,0.944,-0.005,0.005,0.129
-1.500,0.250,0.912,-0.009,0.009,0.191
-1.250,0.250,0.843,-0.010,0.029,0.311
-1.000,0.250,0.719,-0.011,0.074,0.500
-0.750,0.250,0.483,-0.020,0.152,0.759
0.500,0.250,-0.004,-0.003,0.058,-0.157
0.750,0.250,-0.134,-0.006,0.078,-0.177
1.000,0.250,-0.233,-0.004,0.026,-0.206
1.250,0.250,-0.257,-0.000,0.000,-0.203
1.500,0.250,-0.239,0.002,-0.014,-0.171
1.750,0.250,-0.193,0.004,-0.023,-0.124
2.000,0.250,-0.130,0.005,-0.027,-0.075
2.250,0.250,-0.058,0.006,-0.029,-0.032
2.500,0.250,0.015,0.006,-0.027,0.001
2.750,0.250,0.083,0.006,-0.025,0.022
3.000,0.250,0.146,0.005,-0.022,0.033
3.250,0.250,0.201,0.005,-0.019,0.038
3.500,0.250,0.249,0.004,-0.016,0.039
3.750,0.250,0.291,0.004,-0.014,0.036
4.000,0.250,0.327,0.003,-0.012,0.033
4.250,0.250,0.358,0.003,-0.010,0.029
4.500,0.250,0.385,0.003,-0.009,0.025
4.750,0.250,0.410,0.002,-0.008,0.022
5.000,0.250,0.431,0.002,-0.007,0.019
5.250,0.250,0.450,0.002,-0.007,0.015
5.500,0.250,0.468,0.002,-0.006,0.013
5.750,0.250,0.484,0.002,-0.006,0.010
6.000,0.250,0.498,0.001,-0.005,0.008
-2.000,0.500,0.969,-0.006,0.006,0.082
-1.750,0.500,0.948,-0.005,0.015,0.121
-1.500,0.500,0.921,-0.009,0.027,0.173
-1.250,0.500,0.871,-0.009,0.059,0.258
-1.000,0.500,0.795,-0.009,0.129,0.372
-0.750,0.500,0.666,-0.015,0.286,0.492
-0.500,0.500,0.847,-0.006,0.962,-0.859
-0.250,0.500,-0.004,0.001,-0.064,-0.627
0.000,0.500,0.013,-0.001,-0.029,-0.353
0.250,0.500,0.037,-0.000,-0.002,-0.250
0.500,0.500,0.018,-0.001,0.024,-0.203
0.750,0.500,0.039,-0.003,0.091,-0.198
1.000,0.500,0.014,-0.002,0.037,-0.218
1.250,0.500,0.012,0.001,-0.001,-0.209
1.500,0.500,0.033,0.003,-0.025,-0.175
1.750,0.500,0.075,0.004,-0.040,-0.128
2.000,0.500,0.131,0.005,-0.048,-0.078
2.250,0.500,0.194,0.005,-0.049,-0.035
2.500,0.500,0.255,0.005,-0.046,-0.003
2.750,0.500,0.313,0.005,-0.041,0.017
3.000,0.500,0.364,0.005,-0.034,0.028
3.250,0.500,0.409,0.004,-0.028,0.033
3.500,0.500,0.447,0.004,-0.023,0.034
3.750,0.500,0.480,0.003,-0.019,0.033
4.000,0.500,0.509,0.003,-0.015,0.030
4.250,0.500,0.533,0.003,-0.013,0.026
4.500,0.500,0.555,0.002,-0.010,0.023
4.750,0.500,0.573,0.002,-0.009,0.020
5.000,0.500,0.590,0.002,-0.007,0.017
5.250,0.500,0.605,0.002,-0.007,0.014
5.500,0.500,0.618,0.002,-0.006,0.012
5.750,0.500,0.630,0.002,-0.005,0.009
6.000,0.500,0.641,0.002,-0.005,0.007
-2.000,0.750,0.976,-0.005,0.015,0.067
-1.750,0.750,0.957,-0.004,0.022,0.104
-1.500,0.750,0.938,-0.007,0.037,0.142
-1.250,0.750,0.912,-0.007,0.072,0.186
-1.000,0.750,0.885,-0.006,0.134,0.221
-0.750,0.750,0.876,-0.009,0.241,0.197
-0.500,0.750,1.000,-0.010,0.309,-0.072
-0.250,0.750,1.129,-0.010,0.253,-0.313
0.000,0.750,1.070,-0.007,0.140,-0.294
0.250,0.750,0.949,-0.005,0.076,-0.238
0.500,0.750,0.845,-0.004,0.045,-0.202
0.750,0.750,0.550,-0.003,0.027,-0.191
1.000,0.750,0.544,-0.002,0.013,-0.204
1.250,0.750,0.552,-0.000,-0.013,-0.196
1.500,0.750,0.569,0.001,-0.038,-0.165
1.750,0.750,0.593,0.002,-0.056,-0.121
2.000,0.750,0.620,0.003,-0.064,-0.077
2.250,0.750,0.648,0.003,-0.065,-0.039
2.500,0.750,0.674,0.002,-0.060,-0.011
2.750,0.750,0.697,0.002,-0.052,0.008
3.000,0.750,0.717,0.002,-0.044,0.019
3.250,0.750,0.734,0.001,-0.037,0.024
3.500,0.750,0.749,0.001,-0.030,0.026
3.750,0.750,0.761,0.001,-0.024,0.025
4.000,0.750,0.772,0.001,-0.019,0.024
4.250,0.750,0.781,0.001,-0.016,0.021
4.500,0.750,0.789,0.001,-0.013,0.019
4.750,0.750,0.795,0.001,-0.010,0.016
5.000,0.750,0.801,0.001,-0.008,0.014
5.250,0.750,0.806,0.000,-0.007,0.012
5.500,0.750,0.811,0.000,-0.006,0.010
5.750,0.750,0.815,0.000,-0.005,0.008
6.000,0.750,0.819,0.000,-0.005,0.006
-2.000,1.000,0.976,-0.005,0.015,0.067
-1.750,1.000,0.966,-0.004,0.026,0.086
-1.500,1.000,0.954,-0.006,0.041,0.107
-1.250,1.000,0.945,-0.005,0.068,0.123
-1.000,1.000,0.944,-0.004,0.108,0.117
-0.750,1.000,0.961,-0.005,0.155,0.074
-0.500,1.000,1.013,-0.006,0.188,-0.039
-0.250,1.000,1.071,-0.006,0.168,-0.155
0.000,1.000,1.096,-0.005,0.122,-0.191
0.250,1.000,1.095,-0.004,0.084,-0.185
0.500,1.000,1.084,-0.003,0.057,-0.171
0.750,1.000,1.072,-0.003,0.036,-0.163
1.000,1.000,1.060,-0.002,0.014,-0.161
1.250,1.000,1.045,-0.001,-0.010,-0.151
1.500,1.000,1.028,-0.000,-0.032,-0.129
1.750,1.000,1.010,0.000,-0.047,-0.099
2.000,1.000,0.995,0.001,-0.054,-0.068
2.250,1.000,0.982,0.001,-0.056,-0.041
2.500,1.000,0.973,0.001,-0.053,-0.019
2.750,1.000,0.967,0.001,-0.047,-0.004
3.000,1.000,0.963,0.001,-0.041,0.006
3.250,1.000,0.960,0.001,-0.035,0.012
3.500,1.000,0.959,0.000,-0.029,0.015
3.750,1.000,0.958,0.000,-0.024,0.016
4.000,1.000,0.958,0.000,-0.020,0.016
4.250,1.000,0.958,0.000,-0.016,0.015
4.500,1.000,0.958,0.000,-0.014,0.014
4.750,1.000,0.957,-0.000,-0.011,0.012
5.000,1.000,0.957,-0.000,-0.009,0.010
5.250,1.000,0.957,-0.000,-0.008,0.009
5.500,1.000,0.957,-0.000,-0.007,0.008
5.750,1.000,0.956,-0.000,-0.006,0.006
6.000,1.000,0.956,-0.000,-0.005,0.005
-2.000,1.250,0.986,-0.004,0.018,0.047
-1.750,1.250,0.977,-0.003,0.027,0.066
-1.500,1.250,0.970,-0.004,0.039,0.078
-1.250,1.250,0.970,-0.003,0.058,0.076
-1.000,1.250,0.976,-0.002,0.080,0.061
-0.750,1.250,0.991,-0.003,0.101,0.029
-0.500,1.250,1.017,-0.003,0.111,-0.025
-0.250,1.250,1.044,-0.003,0.104,-0.080
0.000,1.250,1.062,-0.002,0.083,-0.114
0.250,1.250,1.069,-0.002,0.061,-0.125
0.500,1.250,1.070,-0.002,0.042,-0.126
0.750,1.250,1.070,-0.001,0.025,-0.123
1.000,1.250,1.068,-0.001,0.009,-0.119
1.250,1.250,1.064,-0.000,-0.007,-0.110
1.500,1.250,1.057,0.000,-0.021,-0.096
1.750,1.250,1.047,0.000,-0.031,-0.078
2.000,1.250,1.037,0.001,-0.037,-0.058
2.250,1.250,1.028,0.001,-0.040,-0.040
2.500,1.250,1.020,0.001,-0.039,-0.024
2.750,1.250,1.014,0.001,-0.036,-0.012
3.000,1.250,1.010,0.001,-0.033,-0.003
3.250,1.250,1.007,0.000,-0.029,0.003
3.500,1.250,1.005,0.000,-0.025,0.006
3.750,1.250,1.003,0.000,-0.021,0.008
4.000,1.250,1.003,0.000,-0.018,0.009
4.250,1.250,1.002,0.000,-0.015,0.009
4.500,1.250,1.002,0.000,-0.013,0.009
4.750,1.250,1.002,0.000,-0.011,0.008
5.000,1.250,1.002,0.000,-0.009,0.007
5.250,1.250,1.002,0.000,-0.008,0.006
5.500,1.250,1.002,-0.000,-0.007,0.005
5.750,1.250,1.002,-0.000,-0.006,0.005
6.000,1.250,1.002,-0.000,-0.005,0.004
-2.000,1.500,0.986,-0.004,0.018,0.047
-1.750,1.500,0.984,-0.003,0.026,0.051
-1.500,1.500,0.981,-0.004,0.035,0.055
-1.250,1.500,0.984,-0.002,0.047,0.047
-1.000,1.500,0.991,-0.001,0.059,0.032
-0.750,1.500,1.002,-0.001,0.069,0.011
-0.500,1.500,1.017,-0.002,0.073,-0.020
-0.250,1.500,1.032,-0.002,0.069,-0.051
0.000,1.500,1.044,-0.001,0.058,-0.074
0.250,1.500,1.051,-0.001,0.045,-0.087
0.500,1.500,1.054,-0.001,0.031,-0.092
0.750,1.500,1.055,-0.001,0.019,-0.093
1.000,1.500,1.054,-0.000,0.007,-0.090
1.250,1.500,1.051,-0.000,-0.004,-0.084
1.500,1.500,1.046,0.000,-0.014,-0.075
1.750,1.500,1.040,0.000,-0.021,-0.063
2.000,1.500,1.034,0.000,-0.026,-0.050
2.250,1.500,1.028,0.000,-0.028,-0.037
2.500,1.500,1.022,0.000,-0.029,-0.025
2.750,1.500,1.017,0.000,-0.027,-0.016
3.000,1.500,1.014,0.000,-0.026,-0.009
3.250,1.500,1.011,0.000,-0.023,-0.004
3.500,1.500,1.009,0.000,-0.021,0.000
3.750,1.500,1.008,0.000,-0.018,0.003
4.000,1.500,1.008,0.000,-0.016,0.004
4.250,1.500,1.007,0.000,-0.014,0.005
4.500,1.500,1.007,0.000,-0.012,0.005
4.750,1.500,1.007,0.000,-0.010,0.005
5.000,1.500,1.007,0.000,-0.009,0.004
5.250,1.500,1.007,0.000,-0.008,0.004
5.500,1.500,1.008,0.000,-0.007,0.004
5.750,1.500,1.008,0.000,-0.006,0.003
6.000,1.500,1.008,0.000,-0.005,0.003
