# plane y_D = 0 | grid 29 x 25 (spacing 0.5 D in x_D, 0.25 D in z_D) | 725 of 725 nodes | fields %.3f | nondimensional
x_D,z_D,u_U,v_U,w_U,cp,jet_tracer
-2.000,0.000,0.000,0.000,0.000,0.345,0.000
-1.500,0.000,0.000,0.000,0.000,0.363,0.000
-1.000,0.000,0.000,0.000,0.000,0.445,0.003
-0.500,0.000,0.000,0.000,0.000,0.440,0.449
0.000,0.000,0.000,0.000,3.969,-0.624,1.000
0.500,0.000,0.000,0.000,0.000,-1.445,0.310
1.000,0.000,0.000,0.000,0.000,-0.777,0.011
1.500,0.000,0.000,0.000,0.000,-0.235,0.008
2.000,0.000,0.000,0.000,0.000,-0.074,0.006
2.500,0.000,0.000,0.000,0.000,-0.012,0.005
3.000,0.000,0.000,0.000,0.000,0.031,0.005
3.500,0.000,0.000,0.000,0.000,0.063,0.005
4.000,0.000,0.000,0.000,0.000,0.086,0.005
4.500,0.000,0.000,0.000,0.000,0.100,0.005
5.000,0.000,0.000,0.000,0.000,0.108,0.005
5.500,0.000,0.000,0.000,0.000,0.111,0.005
6.000,0.000,0.000,0.000,0.000,0.110,0.005
6.500,0.000,0.000,0.000,0.000,0.107,0.005
7.000,0.000,0.000,0.000,0.000,0.102,0.005
7.500,0.000,0.000,0.000,0.000,0.097,0.005
8.000,0.000,0.000,0.000,0.000,0.091,0.005
8.500,0.000,0.000,0.000,0.000,0.085,0.005
9.000,0.000,0.000,0.000,0.000,0.079,0.004
9.500,0.000,0.000,0.000,0.000,0.072,0.004
10.000,0.000,0.000,0.000,0.000,0.067,0.004
10.500,0.000,0.000,0.000,0.000,0.061,0.004
11.000,0.000,0.000,0.000,0.000,0.055,0.004
11.500,0.000,0.000,0.000,0.000,0.049,0.004
12.000,0.000,0.000,0.000,0.000,0.044,0.004
-2.000,0.250,0.693,0.001,0.031,0.352,0.000
-1.500,0.250,0.608,-0.003,0.023,0.368,0.000
-1.000,0.250,0.470,-0.004,-0.010,0.454,0.000
-0.500,0.250,0.073,-0.003,0.026,0.831,0.353
0.000,0.250,0.127,-0.000,3.931,-0.692,1.000
0.500,0.250,-0.396,-0.004,0.448,-1.287,0.208
1.000,0.250,-0.536,0.006,0.028,-0.742,0.022
1.500,0.250,-0.131,0.002,-0.025,-0.196,0.014
2.000,0.250,-0.006,-0.000,-0.018,-0.067,0.009
2.500,0.250,0.037,-0.001,-0.024,-0.011,0.007
3.000,0.250,0.075,-0.001,-0.033,0.028,0.006
3.500,0.250,0.119,-0.000,-0.039,0.059,0.006
4.000,0.250,0.166,-0.000,-0.042,0.081,0.005
4.500,0.250,0.210,0.000,-0.043,0.094,0.005
5.000,0.250,0.250,0.000,-0.041,0.102,0.005
5.500,0.250,0.284,0.000,-0.039,0.105,0.005
6.000,0.250,0.312,0.000,-0.036,0.105,0.005
6.500,0.250,0.334,0.000,-0.033,0.102,0.005
7.000,0.250,0.351,0.000,-0.030,0.098,0.005
7.500,0.250,0.364,0.000,-0.027,0.093,0.005
8.000,0.250,0.374,0.000,-0.024,0.087,0.005
8.500,0.250,0.381,0.000,-0.022,0.081,0.005
9.000,0.250,0.385,0.000,-0.020,0.076,0.005
9.500,0.250,0.388,0.000,-0.018,0.070,0.005
10.000,0.250,0.390,0.000,-0.016,0.064,0.004
10.500,0.250,0.390,0.000,-0.015,0.059,0.004
11.000,0.250,0.390,0.000,-0.013,0.053,0.004
11.500,0.250,0.389,0.000,-0.012,0.048,0.004
12.000,0.250,0.387,0.000,-0.011,0.042,0.004
-2.000,0.500,0.978,0.001,0.050,0.350,-0.000
-1.500,0.500,0.936,-0.000,0.042,0.381,0.000
-1.000,0.500,0.830,-0.002,0.001,0.508,0.000
-0.500,0.500,0.322,-0.002,-0.069,1.088,0.059
0.000,0.500,0.286,-0.001,3.835,-0.342,1.000
0.500,0.500,-0.456,-0.004,0.584,-1.515,0.108
1.000,0.500,-0.357,0.010,0.524,-0.859,0.064
1.500,0.500,0.120,0.007,0.326,-0.171,0.035
2.000,0.500,0.212,0.002,0.156,-0.024,0.018
2.500,0.500,0.231,-0.001,0.037,0.026,0.011
3.000,0.500,0.268,-0.002,-0.027,0.056,0.009
3.500,0.500,0.318,-0.002,-0.060,0.077,0.008
4.000,0.500,0.374,-0.001,-0.077,0.092,0.007
4.500,0.500,0.427,-0.001,-0.084,0.101,0.007
5.000,0.500,0.474,-0.001,-0.084,0.105,0.007
5.500,0.500,0.516,-0.001,-0.082,0.106,0.006
6.000,0.500,0.551,-0.001,-0.077,0.104,0.006
6.500,0.500,0.580,-0.001,-0.072,0.101,0.006
7.000,0.500,0.604,-0.000,-0.067,0.096,0.006
7.500,0.500,0.624,-0.000,-0.061,0.091,0.005
8.000,0.500,0.640,-0.000,-0.056,0.086,0.005
8.500,0.500,0.653,-0.000,-0.052,0.080,0.005
9.000,0.500,0.663,-0.000,-0.047,0.074,0.005
9.500,0.500,0.671,-0.000,-0.043,0.069,0.005
10.000,0.500,0.677,-0.000,-0.040,0.063,0.005
10.500,0.500,0.681,-0.000,-0.037,0.058,0.005
11.000,0.500,0.684,-0.000,-0.034,0.052,0.005
11.500,0.500,0.686,-0.000,-0.031,0.047,0.004
12.000,0.500,0.687,-0.000,-0.029,0.041,0.004
-2.000,0.750,1.045,0.001,0.051,0.348,0.000
-1.500,0.750,1.017,0.000,0.046,0.395,-0.000
-1.000,0.750,0.926,-0.000,0.023,0.555,0.000
-0.500,0.750,0.532,-0.001,0.031,1.099,0.005
0.000,0.750,0.489,-0.001,3.686,0.176,1.000
0.500,0.750,-0.351,-0.001,0.544,-1.451,0.124
1.000,0.750,-0.268,0.006,0.847,-1.294,0.121
1.500,0.750,0.166,0.006,0.795,-0.565,0.080
2.000,0.750,0.330,0.004,0.506,-0.113,0.041
2.500,0.750,0.392,0.001,0.256,0.065,0.021
3.000,0.750,0.443,-0.001,0.101,0.115,0.015
3.500,0.750,0.497,-0.002,0.015,0.128,0.012
4.000,0.750,0.550,-0.002,-0.032,0.131,0.010
4.500,0.750,0.598,-0.002,-0.057,0.130,0.009
5.000,0.750,0.640,-0.002,-0.069,0.126,0.009
5.500,0.750,0.677,-0.002,-0.074,0.121,0.008
6.000,0.750,0.708,-0.001,-0.074,0.115,0.007
6.500,0.750,0.734,-0.001,-0.073,0.108,0.007
7.000,0.750,0.756,-0.001,-0.071,0.102,0.007
7.500,0.750,0.775,-0.001,-0.067,0.095,0.006
8.000,0.750,0.790,-0.001,-0.064,0.088,0.006
8.500,0.750,0.803,-0.001,-0.060,0.082,0.006
9.000,0.750,0.815,-0.001,-0.057,0.075,0.006
9.500,0.750,0.824,-0.001,-0.054,0.069,0.005
10.000,0.750,0.832,-0.001,-0.050,0.064,0.005
10.500,0.750,0.838,-0.001,-0.047,0.058,0.005
11.000,0.750,0.844,-0.001,-0.045,0.052,0.005
11.500,0.750,0.848,-0.001,-0.042,0.047,0.005
12.000,0.750,0.852,-0.001,-0.040,0.041,0.005
-2.000,1.000,1.041,0.001,0.048,0.346,-0.000
-1.500,1.000,1.014,0.000,0.047,0.403,-0.000
-1.000,1.000,0.930,-0.000,0.042,0.566,-0.000
-0.500,1.000,0.638,-0.000,0.094,1.008,0.000
0.000,1.000,0.715,-0.001,3.427,0.633,0.996
0.500,1.000,-0.220,-0.002,0.511,-1.339,0.173
1.000,1.000,-0.206,0.002,0.837,-1.395,0.163
1.500,1.000,0.082,0.002,1.008,-0.985,0.125
2.000,1.000,0.281,0.004,0.817,-0.395,0.077
2.500,1.000,0.430,0.003,0.541,-0.008,0.042
3.000,1.000,0.539,0.001,0.323,0.142,0.027
3.500,1.000,0.617,-0.001,0.181,0.182,0.020
4.000,1.000,0.677,-0.001,0.093,0.182,0.016
4.500,1.000,0.725,-0.002,0.040,0.172,0.014
5.000,1.000,0.764,-0.002,0.008,0.160,0.012
5.500,1.000,0.796,-0.002,-0.011,0.147,0.011
6.000,1.000,0.822,-0.002,-0.023,0.135,0.010
6.500,1.000,0.844,-0.001,-0.030,0.124,0.009
7.000,1.000,0.862,-0.001,-0.034,0.114,0.008
7.500,1.000,0.878,-0.001,-0.037,0.105,0.008
8.000,1.000,0.891,-0.001,-0.038,0.096,0.007
8.500,1.000,0.902,-0.001,-0.039,0.088,0.007
9.000,1.000,0.911,-0.001,-0.039,0.081,0.007
9.500,1.000,0.919,-0.001,-0.038,0.074,0.006
10.000,1.000,0.926,-0.001,-0.037,0.067,0.006
10.500,1.000,0.932,-0.001,-0.037,0.061,0.006
11.000,1.000,0.937,-0.001,-0.036,0.055,0.005
11.500,1.000,0.942,-0.001,-0.035,0.049,0.005
12.000,1.000,0.946,-0.001,-0.034,0.043,0.005
-2.000,1.250,1.021,0.000,0.045,0.344,-0.000
-1.500,1.250,0.993,0.000,0.048,0.404,-0.000
-1.000,1.250,0.916,-0.000,0.057,0.553,0.000
-0.500,1.250,0.696,-0.000,0.122,0.903,0.000
0.000,1.250,0.836,-0.001,2.778,0.980,0.915
0.500,1.250,-0.068,-0.004,0.585,-1.237,0.257
1.000,1.250,-0.166,-0.001,0.716,-1.314,0.189
1.500,1.250,0.001,-0.000,1.010,-1.120,0.155
2.000,1.250,0.179,0.003,0.979,-0.671,0.113
2.500,1.250,0.369,0.004,0.781,-0.205,0.072
3.000,1.250,0.533,0.003,0.560,0.069,0.047
3.500,1.250,0.653,0.001,0.384,0.179,0.034
4.000,1.250,0.737,0.000,0.262,0.207,0.026
4.500,1.250,0.797,-0.000,0.179,0.202,0.022
5.000,1.250,0.840,-0.001,0.124,0.187,0.018
5.500,1.250,0.872,-0.001,0.086,0.171,0.016
6.000,1.250,0.897,-0.001,0.060,0.155,0.014
6.500,1.250,0.917,-0.001,0.041,0.141,0.013
7.000,1.250,0.934,-0.001,0.028,0.128,0.011
7.500,1.250,0.948,-0.001,0.018,0.117,0.010
8.000,1.250,0.959,-0.001,0.010,0.106,0.009
8.500,1.250,0.969,-0.001,0.004,0.097,0.009
9.000,1.250,0.977,-0.001,-0.000,0.088,0.008
9.500,1.250,0.984,-0.001,-0.004,0.080,0.008
10.000,1.250,0.990,-0.001,-0.007,0.073,0.007
10.500,1.250,0.995,-0.001,-0.009,0.066,0.007
11.000,1.250,1.000,-0.001,-0.011,0.059,0.006
11.500,1.250,1.004,-0.001,-0.013,0.053,0.006
12.000,1.250,1.008,-0.001,-0.014,0.047,0.006
-2.000,1.500,1.006,0.000,0.044,0.340,-0.000
-1.500,1.500,0.978,0.000,0.050,0.398,-0.000
-1.000,1.500,0.910,0.000,0.067,0.528,-0.000
-0.500,1.500,0.740,0.000,0.135,0.803,0.000
0.000,1.500,0.664,-0.000,1.472,1.115,0.499
0.500,1.500,0.216,-0.004,1.019,-1.103,0.443
1.000,1.500,-0.138,-0.003,0.557,-1.172,0.205
1.500,1.500,-0.052,-0.001,0.941,-1.094,0.175
2.000,1.500,0.083,0.002,1.017,-0.819,0.139
2.500,1.500,0.276,0.003,0.930,-0.426,0.104
3.000,1.500,0.469,0.003,0.759,-0.093,0.075
3.500,1.500,0.623,0.002,0.584,0.095,0.054
4.000,1.500,0.734,0.002,0.441,0.174,0.041
4.500,1.500,0.812,0.001,0.333,0.196,0.033
5.000,1.500,0.867,0.000,0.255,0.193,0.027
5.500,1.500,0.906,0.000,0.198,0.180,0.023
6.000,1.500,0.935,-0.000,0.157,0.166,0.020
6.500,1.500,0.957,-0.000,0.126,0.151,0.017
7.000,1.500,0.975,-0.000,0.103,0.138,0.015
7.500,1.500,0.989,-0.000,0.084,0.126,0.014
8.000,1.500,1.000,-0.000,0.070,0.114,0.013
8.500,1.500,1.009,-0.000,0.058,0.104,0.011
9.000,1.500,1.017,-0.000,0.048,0.095,0.011
9.500,1.500,1.024,-0.000,0.041,0.086,0.010
10.000,1.500,1.030,-0.000,0.034,0.078,0.009
10.500,1.500,1.035,-0.000,0.028,0.071,0.008
11.000,1.500,1.040,-0.000,0.023,0.064,0.008
11.500,1.500,1.044,-0.000,0.019,0.057,0.007
12.000,1.500,1.047,-0.000,0.015,0.051,0.007
-2.000,1.750,0.995,0.000,0.043,0.334,-0.000
-1.500,1.750,0.969,0.000,0.052,0.387,-0.000
-1.000,1.750,0.911,0.000,0.073,0.497,0.000
-0.500,1.750,0.780,0.000,0.139,0.712,0.000
0.000,1.750,0.517,0.001,0.541,1.025,0.090
0.500,1.750,0.795,-0.003,1.964,-0.819,0.732
1.000,1.750,-0.122,-0.003,0.372,-1.010,0.213
1.500,1.750,-0.080,-0.002,0.845,-0.996,0.188
2.000,1.750,0.015,0.000,0.988,-0.858,0.159
2.500,1.750,0.186,0.002,0.992,-0.580,0.131
3.000,1.750,0.383,0.003,0.892,-0.280,0.105
3.500,1.750,0.558,0.003,0.749,-0.049,0.080
4.000,1.750,0.692,0.002,0.607,0.084,0.061
4.500,1.750,0.789,0.002,0.487,0.146,0.048
5.000,1.750,0.857,0.001,0.391,0.167,0.039
5.500,1.750,0.906,0.001,0.317,0.169,0.032
6.000,1.750,0.942,0.001,0.261,0.162,0.028
6.500,1.750,0.969,0.000,0.217,0.152,0.024
7.000,1.750,0.990,0.000,0.183,0.140,0.021
7.500,1.750,1.006,0.000,0.156,0.129,0.018
8.000,1.750,1.019,0.000,0.134,0.118,0.017
8.500,1.750,1.030,0.000,0.116,0.108,0.015
9.000,1.750,1.039,-0.000,0.102,0.099,0.014
9.500,1.750,1.046,-0.000,0.089,0.090,0.012
10.000,1.750,1.052,-0.000,0.079,0.082,0.012
10.500,1.750,1.058,-0.000,0.070,0.075,0.011
11.000,1.750,1.063,-0.000,0.062,0.068,0.010
11.500,1.750,1.067,-0.000,0.055,0.061,0.009
12.000,1.750,1.071,-0.000,0.049,0.054,0.009
-2.000,2.000,0.991,0.000,0.042,0.327,0.000
-1.500,2.000,0.967,0.000,0.053,0.374,0.000
-1.000,2.000,0.919,0.000,0.077,0.464,0.000
-0.500,2.000,0.819,0.000,0.138,0.629,0.000
0.000,2.000,0.594,0.000,0.323,0.882,0.006
0.500,2.000,1.428,-0.001,2.682,-0.181,0.916
1.000,2.000,-0.123,-0.001,0.182,-0.856,0.229
1.500,2.000,-0.083,-0.003,0.721,-0.848,0.197
2.000,2.000,-0.023,-0.001,0.927,-0.819,0.173
2.500,2.000,0.113,0.001,0.988,-0.661,0.153
3.000,2.000,0.297,0.002,0.959,-0.424,0.132
3.500,2.000,0.478,0.002,0.864,-0.206,0.108
4.000,2.000,0.628,0.002,0.745,-0.043,0.086
4.500,2.000,0.743,0.002,0.627,0.057,0.068
5.000,2.000,0.826,0.002,0.524,0.109,0.054
5.500,2.000,0.886,0.001,0.438,0.133,0.045
6.000,2.000,0.930,0.001,0.369,0.140,0.038
6.500,2.000,0.963,0.001,0.313,0.138,0.032
7.000,2.000,0.988,0.001,0.268,0.133,0.028
7.500,2.000,1.007,0.001,0.232,0.125,0.024
8.000,2.000,1.023,0.001,0.203,0.116,0.022
8.500,2.000,1.036,0.000,0.179,0.108,0.019
9.000,2.000,1.046,0.000,0.158,0.100,0.018
9.500,2.000,1.055,0.000,0.141,0.092,0.016
10.000,2.000,1.062,0.000,0.126,0.084,0.015
10.500,2.000,1.068,0.000,0.114,0.077,0.014
11.000,2.000,1.074,0.000,0.103,0.070,0.013
11.500,2.000,1.079,0.000,0.093,0.063,0.012
12.000,2.000,1.083,0.000,0.084,0.057,0.011
-2.000,2.250,0.989,0.000,0.042,0.319,0.000
-1.500,2.250,0.969,0.000,0.054,0.358,0.000
-1.000,2.250,0.929,0.000,0.078,0.431,0.000
-0.500,2.250,0.854,0.000,0.133,0.556,0.000
0.000,2.250,0.700,0.000,0.270,0.746,0.000
0.500,2.250,1.480,0.000,2.265,0.510,0.772
1.000,2.250,0.109,-0.000,0.302,-0.708,0.339
1.500,2.250,-0.068,-0.003,0.559,-0.669,0.203
2.000,2.250,-0.032,-0.002,0.833,-0.716,0.185
2.500,2.250,0.066,-0.000,0.948,-0.670,0.170
3.000,2.250,0.223,0.001,0.967,-0.517,0.154
3.500,2.250,0.398,0.002,0.926,-0.330,0.134
4.000,2.250,0.556,0.002,0.842,-0.171,0.112
4.500,2.250,0.682,0.002,0.742,-0.054,0.091
5.000,2.250,0.779,0.002,0.644,0.025,0.074
5.500,2.250,0.851,0.002,0.554,0.071,0.060
6.000,2.250,0.904,0.001,0.478,0.097,0.050
6.500,2.250,0.944,0.001,0.413,0.108,0.043
7.000,2.250,0.975,0.001,0.359,0.112,0.037
7.500,2.250,0.998,0.001,0.314,0.111,0.032
8.000,2.250,1.017,0.001,0.277,0.107,0.028
8.500,2.250,1.032,0.001,0.246,0.102,0.025
9.000,2.250,1.044,0.001,0.219,0.096,0.023
9.500,2.250,1.054,0.001,0.197,0.089,0.021
10.000,2.250,1.063,0.001,0.178,0.083,0.019
10.500,2.250,1.070,0.001,0.161,0.076,0.017
11.000,2.250,1.076,0.000,0.146,0.070,0.016
11.500,2.250,1.082,0.000,0.134,0.064,0.015
12.000,2.250,1.087,0.000,0.122,0.058,0.014
-2.000,2.500,0.989,0.000,0.041,0.310,0.000
-1.500,2.500,0.972,0.000,0.054,0.342,0.000
-1.000,2.500,0.941,0.000,0.077,0.400,0.000
-0.500,2.500,0.886,0.000,0.126,0.493,-0.000
0.000,2.500,0.784,0.000,0.232,0.629,0.000
0.500,2.500,0.837,0.001,0.863,0.727,0.190
1.000,2.500,1.134,-0.001,1.328,-0.466,0.672
1.500,2.500,-0.046,-0.002,0.354,-0.497,0.211
2.000,2.500,-0.011,-0.003,0.698,-0.554,0.193
2.500,2.500,0.048,-0.002,0.874,-0.608,0.182
3.000,2.500,0.168,-0.000,0.940,-0.551,0.172
3.500,2.500,0.326,0.001,0.940,-0.419,0.157
4.000,2.500,0.482,0.001,0.896,-0.275,0.137
4.500,2.500,0.616,0.001,0.822,-0.158,0.116
5.000,2.500,0.723,0.001,0.738,-0.070,0.097
5.500,2.500,0.806,0.001,0.656,-0.007,0.080
6.000,2.500,0.868,0.001,0.579,0.036,0.067
6.500,2.500,0.916,0.001,0.510,0.062,0.056
7.000,2.500,0.953,0.001,0.450,0.077,0.048
7.500,2.500,0.981,0.001,0.399,0.084,0.042
8.000,2.500,1.004,0.001,0.355,0.087,0.037
8.500,2.500,1.022,0.001,0.318,0.087,0.033
9.000,2.500,1.036,0.001,0.285,0.085,0.029
9.500,2.500,1.048,0.001,0.258,0.081,0.027
10.000,2.500,1.058,0.001,0.234,0.077,0.024
10.500,2.500,1.067,0.001,0.213,0.072,0.022
11.000,2.500,1.074,0.001,0.194,0.067,0.020
11.500,2.500,1.080,0.001,0.178,0.062,0.019
12.000,2.500,1.086,0.001,0.164,0.057,0.018
-2.000,2.750,0.989,0.000,0.040,0.300,0.000
-1.500,2.750,0.976,0.000,0.053,0.326,0.000
-1.000,2.750,0.952,0.000,0.075,0.371,0.000
-0.500,2.750,0.912,0.000,0.116,0.439,-0.000
0.000,2.750,0.845,0.000,0.199,0.533,0.000
0.500,2.750,0.731,0.001,0.387,0.627,0.007
1.000,2.750,1.821,0.000,1.888,0.118,0.783
1.500,2.750,0.229,-0.001,0.339,-0.371,0.330
2.000,2.750,0.026,-0.003,0.511,-0.371,0.199
2.500,2.750,0.063,-0.003,0.753,-0.472,0.191
3.000,2.750,0.140,-0.002,0.878,-0.518,0.186
3.500,2.750,0.267,-0.000,0.920,-0.461,0.176
4.000,2.750,0.413,0.001,0.910,-0.354,0.160
4.500,2.750,0.549,0.001,0.868,-0.244,0.141
5.000,2.750,0.663,0.001,0.805,-0.154,0.121
5.500,2.750,0.754,0.001,0.734,-0.086,0.103
6.000,2.750,0.825,0.001,0.663,-0.034,0.087
6.500,2.750,0.881,0.001,0.597,0.004,0.074
7.000,2.750,0.924,0.001,0.536,0.029,0.063
7.500,2.750,0.958,0.001,0.482,0.046,0.055
8.000,2.750,0.985,0.001,0.434,0.057,0.048
8.500,2.750,1.006,0.001,0.391,0.063,0.043
9.000,2.750,1.023,0.001,0.354,0.066,0.038
9.500,2.750,1.038,0.001,0.322,0.066,0.034
10.000,2.750,1.050,0.001,0.294,0.065,0.031
10.500,2.750,1.060,0.001,0.269,0.063,0.028
11.000,2.750,1.068,0.001,0.246,0.060,0.026
11.500,2.750,1.076,0.001,0.227,0.057,0.024
12.000,2.750,1.082,0.001,0.209,0.053,0.023
-2.000,3.000,0.991,0.000,0.039,0.290,-0.000
-1.500,3.000,0.980,0.000,0.051,0.311,-0.000
-1.000,3.000,0.962,0.000,0.071,0.344,-0.000
-0.500,3.000,0.933,0.000,0.107,0.393,0.000
0.000,3.000,0.890,0.000,0.170,0.457,0.000
0.500,3.000,0.821,0.001,0.291,0.524,0.000
1.000,3.000,1.168,0.001,0.974,0.483,0.276
1.500,3.000,1.360,-0.000,1.081,-0.177,0.657
2.000,3.000,0.165,-0.002,0.347,-0.227,0.251
2.500,3.000,0.104,-0.003,0.575,-0.294,0.197
3.000,3.000,0.145,-0.003,0.766,-0.402,0.195
3.500,3.000,0.231,-0.002,0.865,-0.441,0.189
4.000,3.000,0.353,-0.001,0.894,-0.395,0.178
4.500,3.000,0.483,0.000,0.881,-0.311,0.163
5.000,3.000,0.601,0.001,0.842,-0.226,0.145
5.500,3.000,0.699,0.001,0.788,-0.156,0.126
6.000,3.000,0.777,0.001,0.728,-0.100,0.109
6.500,3.000,0.840,0.001,0.667,-0.057,0.094
7.000,3.000,0.890,0.001,0.610,-0.024,0.081
7.500,3.000,0.929,0.001,0.556,0.001,0.071
8.000,3.000,0.961,0.001,0.507,0.019,0.062
8.500,3.000,0.986,0.001,0.463,0.031,0.055
9.000,3.000,1.006,0.001,0.423,0.039,0.049
9.500,3.000,1.023,0.001,0.387,0.045,0.044
10.000,3.000,1.037,0.001,0.355,0.047,0.040
10.500,3.000,1.049,0.001,0.327,0.049,0.037
11.000,3.000,1.059,0.001,0.301,0.049,0.034
11.500,3.000,1.068,0.001,0.278,0.048,0.031
12.000,3.000,1.075,0.001,0.257,0.046,0.029
-2.000,3.250,0.992,0.000,0.037,0.280,-0.000
-1.500,3.250,0.984,0.000,0.049,0.297,-0.000
-1.000,3.250,0.971,0.000,0.067,0.321,-0.000
-0.500,3.250,0.951,0.000,0.097,0.356,-0.000
0.000,3.250,0.922,0.000,0.146,0.398,-0.000
0.500,3.250,0.883,0.000,0.230,0.441,0.000
1.000,3.250,0.839,0.001,0.393,0.456,0.010
1.500,3.250,1.738,0.001,1.308,0.215,0.611
2.000,3.250,0.985,-0.001,0.679,-0.116,0.512
2.500,3.250,0.201,-0.002,0.381,-0.151,0.225
3.000,3.250,0.180,-0.003,0.592,-0.234,0.201
3.500,3.250,0.228,-0.003,0.755,-0.334,0.199
4.000,3.250,0.316,-0.002,0.839,-0.372,0.192
4.500,3.250,0.426,-0.001,0.863,-0.343,0.181
5.000,3.250,0.539,-0.000,0.852,-0.281,0.166
5.500,3.250,0.641,0.000,0.818,-0.216,0.149
6.000,3.250,0.726,0.000,0.773,-0.160,0.132
6.500,3.250,0.795,0.001,0.721,-0.114,0.116
7.000,3.250,0.851,0.001,0.669,-0.077,0.102
7.500,3.250,0.896,0.001,0.618,-0.047,0.090
8.000,3.250,0.932,0.001,0.571,-0.024,0.079
8.500,3.250,0.962,0.001,0.527,-0.006,0.071
9.000,3.250,0.986,0.001,0.486,0.007,0.063
9.500,3.250,1.006,0.001,0.449,0.017,0.057
10.000,3.250,1.022,0.001,0.415,0.024,0.052
10.500,3.250,1.036,0.001,0.384,0.029,0.047
11.000,3.250,1.048,0.001,0.356,0.032,0.044
11.500,3.250,1.058,0.001,0.330,0.034,0.040
12.000,3.250,1.066,0.001,0.307,0.034,0.037
-2.000,3.500,0.994,0.000,0.035,0.271,-0.000
-1.500,3.500,0.988,0.000,0.046,0.283,-0.000
-1.000,3.500,0.978,0.000,0.062,0.301,-0.000
-0.500,3.500,0.965,0.000,0.087,0.325,-0.000
0.000,3.500,0.947,0.000,0.126,0.352,0.000
0.500,3.500,0.924,0.000,0.186,0.378,0.000
1.000,3.500,0.896,0.001,0.279,0.389,0.000
1.500,3.500,1.095,0.001,0.617,0.343,0.136
2.000,3.500,1.635,0.000,0.999,0.076,0.580
2.500,3.500,0.829,-0.001,0.516,-0.051,0.426
3.000,3.500,0.266,-0.002,0.393,-0.095,0.223
3.500,3.500,0.255,-0.003,0.579,-0.175,0.204
4.000,3.500,0.309,-0.003,0.726,-0.264,0.201
4.500,3.500,0.390,-0.002,0.803,-0.308,0.194
5.000,3.500,0.487,-0.001,0.829,-0.299,0.182
5.500,3.500,0.584,-0.001,0.822,-0.259,0.169
6.000,3.500,0.672,-0.000,0.796,-0.210,0.153
6.500,3.500,0.747,0.000,0.759,-0.165,0.138
7.000,3.500,0.809,0.000,0.715,-0.126,0.124
7.500,3.500,0.859,0.000,0.669,-0.094,0.111
8.000,3.500,0.900,0.000,0.625,-0.068,0.099
8.500,3.500,0.934,0.001,0.582,-0.046,0.089
9.000,3.500,0.962,0.001,0.542,-0.028,0.080
9.500,3.500,0.985,0.001,0.505,-0.014,0.073
10.000,3.500,1.004,0.001,0.470,-0.004,0.066
10.500,3.500,1.020,0.001,0.438,0.005,0.061
11.000,3.500,1.034,0.001,0.409,0.011,0.056
11.500,3.500,1.046,0.001,0.382,0.016,0.052
12.000,3.500,1.056,0.001,0.356,0.019,0.048
-2.000,3.750,0.996,0.000,0.033,0.263,-0.000
-1.500,3.750,0.991,0.000,0.043,0.271,-0.000
-1.000,3.750,0.985,0.000,0.057,0.284,-0.000
-0.500,3.750,0.975,0.000,0.078,0.299,-0.000
0.000,3.750,0.964,0.000,0.108,0.316,0.000
0.500,3.750,0.952,0.000,0.152,0.331,-0.000
1.000,3.750,0.938,0.000,0.214,0.337,0.000
1.500,3.750,0.927,0.001,0.307,0.333,0.006
2.000,3.750,1.336,0.001,0.702,0.257,0.259
2.500,3.750,1.526,0.000,0.788,0.053,0.527
3.000,3.750,0.821,-0.000,0.453,-0.007,0.389
3.500,3.750,0.345,-0.002,0.384,-0.047,0.228
4.000,3.750,0.328,-0.003,0.545,-0.114,0.207
4.500,3.750,0.382,-0.003,0.680,-0.194,0.202
5.000,3.750,0.455,-0.003,0.758,-0.244,0.195
5.500,3.750,0.538,-0.002,0.789,-0.256,0.184
6.000,3.750,0.621,-0.001,0.790,-0.237,0.172
6.500,3.750,0.697,-0.001,0.773,-0.204,0.158
7.000,3.750,0.763,-0.000,0.744,-0.169,0.145
7.500,3.750,0.818,-0.000,0.708,-0.137,0.132
8.000,3.750,0.864,0.000,0.669,-0.110,0.119
8.500,3.750,0.902,0.000,0.629,-0.086,0.108
9.000,3.750,0.934,0.000,0.591,-0.066,0.099
9.500,3.750,0.960,0.000,0.555,-0.048,0.090
10.000,3.750,0.982,0.000,0.520,-0.034,0.083
10.500,3.750,1.001,0.000,0.488,-0.023,0.076
11.000,3.750,1.017,0.001,0.458,-0.013,0.070
11.500,3.750,1.031,0.001,0.430,-0.006,0.065
12.000,3.750,1.042,0.001,0.403,0.001,0.061
-2.000,4.000,0.997,0.000,0.031,0.255,0.000
-1.500,4.000,0.994,0.000,0.040,0.260,0.000
-1.000,4.000,0.990,0.000,0.052,0.268,0.000
-0.500,4.000,0.985,0.000,0.069,0.277,0.000
0.000,4.000,0.978,0.000,0.093,0.287,0.000
0.500,4.000,0.972,0.000,0.125,0.294,0.000
1.000,4.000,0.966,0.000,0.167,0.295,0.000
1.500,4.000,0.956,0.001,0.225,0.292,0.000
2.000,4.000,0.992,0.001,0.341,0.276,0.026
2.500,4.000,1.382,0.001,0.624,0.193,0.275
3.000,4.000,1.453,0.000,0.645,0.064,0.467
3.500,4.000,0.897,-0.000,0.426,0.029,0.376
4.000,4.000,0.441,-0.001,0.361,-0.004,0.240
4.500,4.000,0.399,-0.002,0.493,-0.055,0.209
5.000,4.000,0.448,-0.003,0.620,-0.126,0.202
5.500,4.000,0.512,-0.003,0.702,-0.180,0.195
6.000,4.000,0.582,-0.002,0.742,-0.208,0.186
6.500,4.000,0.651,-0.002,0.752,-0.210,0.174
7.000,4.000,0.716,-0.001,0.745,-0.195,0.163
7.500,4.000,0.774,-0.001,0.726,-0.171,0.151
8.000,4.000,0.824,-0.001,0.698,-0.146,0.139
8.500,4.000,0.867,-0.000,0.666,-0.123,0.128
9.000,4.000,0.902,-0.000,0.632,-0.102,0.118
9.500,4.000,0.932,-0.000,0.599,-0.083,0.109
10.000,4.000,0.957,0.000,0.565,-0.067,0.101
10.500,4.000,0.979,0.000,0.534,-0.053,0.093
11.000,4.000,0.997,0.000,0.504,-0.041,0.087
11.500,4.000,1.013,0.000,0.475,-0.030,0.081
12.000,4.000,1.026,0.000,0.448,-0.021,0.076
-2.000,4.250,0.999,0.000,0.029,0.248,0.000
-1.500,4.250,0.997,0.000,0.037,0.251,0.000
-1.000,4.250,0.994,0.000,0.048,0.256,0.000
-0.500,4.250,0.991,0.000,0.062,0.262,0.000
0.000,4.250,0.987,0.000,0.081,0.266,0.000
0.500,4.250,0.984,0.000,0.106,0.269,0.000
1.000,4.250,0.982,0.000,0.137,0.267,0.000
1.500,4.250,0.980,0.000,0.176,0.261,0.000
2.000,4.250,0.976,0.001,0.226,0.249,0.001
2.500,4.250,1.041,0.001,0.329,0.224,0.035
3.000,4.250,1.338,0.001,0.513,0.162,0.233
3.500,4.250,1.405,0.001,0.538,0.082,0.402
4.000,4.250,1.014,0.000,0.410,0.058,0.367
4.500,4.250,0.567,-0.000,0.336,0.033,0.257
5.000,4.250,0.470,-0.001,0.431,-0.004,0.212
5.500,4.250,0.506,-0.002,0.548,-0.062,0.202
6.000,4.250,0.562,-0.002,0.634,-0.117,0.195
6.500,4.250,0.621,-0.002,0.685,-0.154,0.187
7.000,4.250,0.679,-0.002,0.707,-0.173,0.177
7.500,4.250,0.734,-0.002,0.710,-0.176,0.167
8.000,4.250,0.784,-0.001,0.701,-0.166,0.156
8.500,4.250,0.829,-0.001,0.683,-0.149,0.146
9.000,4.250,0.868,-0.001,0.659,-0.132,0.137
9.500,4.250,0.901,-0.001,0.632,-0.114,0.127
10.000,4.250,0.929,-0.000,0.603,-0.099,0.119
10.500,4.250,0.953,-0.000,0.574,-0.084,0.111
11.000,4.250,0.974,-0.000,0.545,-0.070,0.104
11.500,4.250,0.992,-0.000,0.517,-0.058,0.098
12.000,4.250,1.007,0.000,0.491,-0.046,0.092
-2.000,4.500,1.000,0.000,0.027,0.241,0.000
-1.500,4.500,0.999,0.000,0.034,0.243,0.000
-1.000,4.500,0.998,0.000,0.043,0.245,0.000
-0.500,4.500,0.996,0.000,0.055,0.247,0.000
0.000,4.500,0.995,0.000,0.071,0.249,0.000
0.500,4.500,0.994,0.000,0.090,0.248,-0.000
1.000,4.500,0.994,0.000,0.113,0.244,-0.000
1.500,4.500,0.995,0.000,0.140,0.237,0.000
2.000,4.500,0.996,0.000,0.173,0.225,0.000
2.500,4.500,0.998,0.001,0.214,0.208,0.001
3.000,4.500,1.055,0.001,0.287,0.185,0.028
3.500,4.500,1.261,0.001,0.406,0.147,0.166
4.000,4.500,1.353,0.001,0.448,0.098,0.324
4.500,4.500,1.129,0.001,0.390,0.076,0.344
5.000,4.500,0.730,0.000,0.319,0.063,0.275
5.500,4.500,0.553,-0.001,0.366,0.035,0.220
6.000,4.500,0.560,-0.001,0.468,-0.006,0.203
6.500,4.500,0.606,-0.002,0.556,-0.057,0.195
7.000,4.500,0.656,-0.002,0.617,-0.099,0.188
7.500,4.500,0.704,-0.002,0.651,-0.128,0.179
8.000,4.500,0.751,-0.002,0.666,-0.144,0.170
8.500,4.500,0.794,-0.002,0.667,-0.148,0.161
9.000,4.500,0.833,-0.002,0.659,-0.144,0.152
9.500,4.500,0.868,-0.001,0.644,-0.134,0.144
10.000,4.500,0.898,-0.001,0.625,-0.121,0.136
10.500,4.500,0.925,-0.001,0.603,-0.108,0.128
11.000,4.500,0.948,-0.001,0.578,-0.096,0.121
11.500,4.500,0.968,-0.001,0.553,-0.084,0.115
12.000,4.500,0.985,-0.000,0.528,-0.072,0.109
-2.000,4.750,1.001,0.000,0.025,0.235,-0.000
-1.500,4.750,1.001,0.000,0.031,0.235,0.000
-1.000,4.750,1.001,0.000,0.039,0.236,0.000
-0.500,4.750,1.000,0.000,0.049,0.236,-0.000
0.000,4.750,1.000,0.000,0.062,0.235,-0.000
0.500,4.750,1.001,0.000,0.076,0.232,-0.000
1.000,4.750,1.003,0.000,0.094,0.226,0.000
1.500,4.750,1.005,0.000,0.114,0.218,0.000
2.000,4.750,1.008,0.000,0.137,0.207,0.000
2.500,4.750,1.012,0.000,0.163,0.193,0.000
3.000,4.750,1.017,0.001,0.193,0.176,0.001
3.500,4.750,1.051,0.001,0.239,0.158,0.016
4.000,4.750,1.179,0.001,0.314,0.135,0.097
4.500,4.750,1.284,0.001,0.364,0.108,0.229
5.000,4.750,1.199,0.001,0.354,0.088,0.296
5.500,4.750,0.910,0.001,0.310,0.082,0.278
6.000,4.750,0.668,0.000,0.313,0.062,0.232
6.500,4.750,0.616,-0.001,0.388,0.036,0.206
7.000,4.750,0.644,-0.001,0.470,-0.004,0.196
7.500,4.750,0.687,-0.002,0.537,-0.045,0.188
8.000,4.750,0.728,-0.002,0.583,-0.078,0.181
8.500,4.750,0.767,-0.002,0.610,-0.103,0.173
9.000,4.750,0.804,-0.002,0.623,-0.118,0.165
9.500,4.750,0.838,-0.002,0.624,-0.125,0.158
10.000,4.750,0.868,-0.002,0.619,-0.125,0.150
10.500,4.750,0.896,-0.002,0.608,-0.120,0.143
11.000,4.750,0.920,-0.001,0.593,-0.112,0.137
11.500,4.750,0.942,-0.001,0.575,-0.102,0.130
12.000,4.750,0.961,-0.001,0.555,-0.092,0.124
-2.000,5.000,1.002,0.000,0.023,0.230,-0.000
-1.500,5.000,1.003,0.000,0.028,0.229,-0.000
-1.000,5.000,1.003,0.000,0.035,0.228,-0.000
-0.500,5.000,1.003,0.000,0.043,0.226,-0.000
0.000,5.000,1.005,0.000,0.054,0.224,0.000
0.500,5.000,1.006,0.000,0.065,0.219,0.000
1.000,5.000,1.009,0.000,0.079,0.212,-0.000
1.500,5.000,1.012,0.000,0.094,0.204,-0.000
2.000,5.000,1.016,0.000,0.110,0.193,0.000
2.500,5.000,1.021,0.000,0.128,0.180,0.000
3.000,5.000,1.026,0.000,0.147,0.166,0.000
3.500,5.000,1.030,0.001,0.168,0.153,0.000
4.000,5.000,1.047,0.001,0.197,0.139,0.007
4.500,5.000,1.111,0.001,0.241,0.125,0.045
5.000,5.000,1.202,0.001,0.288,0.112,0.132
5.500,5.000,1.204,0.001,0.305,0.095,0.220
6.000,5.000,1.055,0.001,0.294,0.089,0.250
6.500,5.000,0.824,0.001,0.281,0.080,0.236
7.000,5.000,0.696,0.000,0.316,0.061,0.213
7.500,5.000,0.684,-0.001,0.385,0.037,0.198
8.000,5.000,0.714,-0.001,0.451,0.003,0.189
8.500,5.000,0.750,-0.002,0.504,-0.030,0.182
9.000,5.000,0.784,-0.002,0.542,-0.058,0.176
9.500,5.000,0.815,-0.002,0.565,-0.079,0.169
10.000,5.000,0.844,-0.002,0.578,-0.093,0.162
10.500,5.000,0.871,-0.002,0.582,-0.102,0.156
11.000,5.000,0.895,-0.002,0.579,-0.106,0.149
11.500,5.000,0.917,-0.002,0.572,-0.105,0.144
12.000,5.000,0.936,-0.002,0.561,-0.101,0.138
-2.000,5.250,1.003,0.000,0.020,0.225,0.000
-1.500,5.250,1.004,0.000,0.025,0.223,-0.000
-1.000,5.250,1.005,0.000,0.031,0.221,-0.000
-0.500,5.250,1.006,0.000,0.038,0.218,0.000
0.000,5.250,1.008,0.000,0.047,0.214,0.000
0.500,5.250,1.010,0.000,0.056,0.209,-0.000
1.000,5.250,1.013,0.000,0.066,0.202,0.000
1.500,5.250,1.017,0.000,0.078,0.193,0.000
2.000,5.250,1.022,0.000,0.090,0.182,0.000
2.500,5.250,1.027,0.000,0.103,0.170,0.000
3.000,5.250,1.032,0.000,0.116,0.158,0.000
3.500,5.250,1.036,0.000,0.129,0.146,0.000
4.000,5.250,1.040,0.000,0.144,0.135,0.000
4.500,5.250,1.048,0.001,0.163,0.125,0.002
5.000,5.250,1.074,0.001,0.188,0.117,0.016
5.500,5.250,1.130,0.001,0.222,0.109,0.059
6.000,5.250,1.166,0.001,0.250,0.100,0.129
6.500,5.250,1.122,0.001,0.260,0.092,0.189
7.000,5.250,0.978,0.001,0.259,0.089,0.212
7.500,5.250,0.817,0.001,0.267,0.077,0.210
8.000,5.250,0.744,0.000,0.308,0.061,0.200
8.500,5.250,0.743,-0.000,0.366,0.039,0.191
9.000,5.250,0.768,-0.001,0.420,0.013,0.184
9.500,5.250,0.798,-0.001,0.464,-0.014,0.178
10.000,5.250,0.826,-0.002,0.496,-0.037,0.172
10.500,5.250,0.851,-0.002,0.518,-0.056,0.166
11.000,5.250,0.874,-0.002,0.532,-0.070,0.160
11.500,5.250,0.895,-0.002,0.538,-0.080,0.155
12.000,5.250,0.914,-0.002,0.539,-0.085,0.149
-2.000,5.500,1.004,0.000,0.018,0.221,-0.000
-1.500,5.500,1.005,0.000,0.023,0.218,-0.000
-1.000,5.500,1.006,0.000,0.028,0.215,-0.000
-0.500,5.500,1.008,0.000,0.034,0.212,-0.000
0.000,5.500,1.010,0.000,0.040,0.207,-0.000
0.500,5.500,1.013,0.000,0.048,0.201,0.000
1.000,5.500,1.017,0.000,0.056,0.193,-0.000
1.500,5.500,1.021,0.000,0.065,0.184,-0.000
2.000,5.500,1.025,0.000,0.074,0.174,-0.000
2.500,5.500,1.030,0.000,0.083,0.163,0.000
3.000,5.500,1.035,0.000,0.093,0.151,0.000
3.500,5.500,1.040,0.000,0.102,0.140,0.000
4.000,5.500,1.044,0.000,0.112,0.130,0.000
4.500,5.500,1.048,0.000,0.123,0.121,0.000
5.000,5.500,1.051,0.000,0.135,0.114,0.001
5.500,5.500,1.060,0.001,0.151,0.108,0.005
6.000,5.500,1.084,0.001,0.173,0.103,0.020
6.500,5.500,1.117,0.001,0.198,0.099,0.056
7.000,5.500,1.122,0.001,0.217,0.093,0.109
7.500,5.500,1.069,0.001,0.229,0.088,0.156
8.000,5.500,0.954,0.001,0.235,0.084,0.182
8.500,5.500,0.842,0.001,0.252,0.073,0.190
9.000,5.500,0.792,0.000,0.289,0.060,0.190
9.500,5.500,0.792,-0.000,0.336,0.043,0.186
10.000,5.500,0.811,-0.000,0.381,0.023,0.180
10.500,5.500,0.836,-0.001,0.418,0.002,0.174
11.000,5.500,0.859,-0.001,0.448,-0.017,0.169
11.500,5.500,0.879,-0.001,0.469,-0.034,0.164
12.000,5.500,0.897,-0.002,0.484,-0.047,0.159
-2.000,5.750,1.004,0.000,0.016,0.217,0.000
-1.500,5.750,1.006,0.000,0.020,0.214,-0.000
-1.000,5.750,1.007,0.000,0.024,0.210,-0.000
-0.500,5.750,1.010,0.000,0.029,0.206,-0.000
0.000,5.750,1.012,0.000,0.035,0.201,-0.000
0.500,5.750,1.015,0.000,0.041,0.194,-0.000
1.000,5.750,1.019,0.000,0.047,0.186,-0.000
1.500,5.750,1.023,0.000,0.054,0.177,0.000
2.000,5.750,1.028,0.000,0.061,0.167,0.000
2.500,5.750,1.033,0.000,0.068,0.157,-0.000
3.000,5.750,1.038,0.000,0.075,0.146,0.000
3.500,5.750,1.042,0.000,0.082,0.136,0.000
4.000,5.750,1.047,0.000,0.089,0.126,0.000
4.500,5.750,1.050,0.000,0.096,0.118,0.000
5.000,5.750,1.053,0.000,0.104,0.111,0.000
5.500,5.750,1.056,0.000,0.113,0.105,0.000
6.000,5.750,1.059,0.000,0.124,0.100,0.001
6.500,5.750,1.067,0.001,0.138,0.097,0.005
7.000,5.750,1.083,0.001,0.156,0.093,0.018
7.500,5.750,1.098,0.001,0.175,0.090,0.045
8.000,5.750,1.091,0.001,0.191,0.086,0.084
8.500,5.750,1.045,0.001,0.204,0.083,0.124
9.000,5.750,0.959,0.001,0.215,0.079,0.155
9.500,5.750,0.877,0.001,0.233,0.071,0.172
10.000,5.750,0.836,0.001,0.264,0.060,0.179
10.500,5.750,0.832,0.000,0.302,0.047,0.179
11.000,5.750,0.845,-0.000,0.338,0.032,0.176
11.500,5.750,0.864,-0.000,0.371,0.016,0.171
12.000,5.750,0.883,-0.001,0.398,0.001,0.167
-2.000,6.000,1.005,0.000,0.014,0.214,-0.000
-1.500,6.000,1.006,0.000,0.018,0.210,-0.000
-1.000,6.000,1.008,0.000,0.021,0.206,-0.000
-0.500,6.000,1.011,0.000,0.025,0.201,-0.000
0.000,6.000,1.014,0.000,0.030,0.196,-0.000
0.500,6.000,1.017,0.000,0.035,0.189,0.000
1.000,6.000,1.021,0.000,0.040,0.181,-0.000
1.500,6.000,1.025,0.000,0.045,0.172,-0.000
2.000,6.000,1.029,0.000,0.051,0.162,-0.000
2.500,6.000,1.034,0.000,0.056,0.152,0.000
3.000,6.000,1.039,0.000,0.061,0.142,-0.000
3.500,6.000,1.044,0.000,0.066,0.132,0.000
4.000,6.000,1.048,0.000,0.071,0.123,0.000
4.500,6.000,1.052,0.000,0.076,0.115,0.000
5.000,6.000,1.055,0.000,0.081,0.108,0.000
5.500,6.000,1.057,0.000,0.087,0.102,0.000
6.000,6.000,1.059,0.000,0.094,0.097,0.000
6.500,6.000,1.061,0.000,0.102,0.093,0.000
7.000,6.000,1.064,0.000,0.112,0.090,0.001
7.500,6.000,1.069,0.001,0.124,0.088,0.004
8.000,6.000,1.078,0.001,0.139,0.085,0.013
8.500,6.000,1.083,0.001,0.154,0.083,0.032
9.000,6.000,1.075,0.001,0.169,0.080,0.061
9.500,6.000,1.040,0.001,0.182,0.078,0.095
10.000,6.000,0.979,0.001,0.194,0.074,0.127
10.500,6.000,0.916,0.001,0.210,0.068,0.152
11.000,6.000,0.878,0.001,0.235,0.061,0.165
11.500,6.000,0.867,0.001,0.265,0.052,0.171
12.000,6.000,0.873,0.000,0.295,0.041,0.171
