# plane x_D = 5 | grid 25 x 25, spacing 0.25 D | 625 of 625 nodes | fields %.3f | nondimensional
y_D,z_D,u_U,v_U,w_U,cp,jet_tracer
-3.000,0.000,0.000,0.000,0.000,0.032,0.000
-2.750,0.000,0.000,0.000,0.000,0.033,0.000
-2.500,0.000,0.000,0.000,0.000,0.035,0.000
-2.250,0.000,0.000,0.000,0.000,0.038,0.000
-2.000,0.000,0.000,0.000,0.000,0.041,0.000
-1.750,0.000,0.000,0.000,0.000,0.046,0.000
-1.500,0.000,0.000,0.000,0.000,0.052,0.000
-1.250,0.000,0.000,0.000,0.000,0.059,0.000
-1.000,0.000,0.000,0.000,0.000,0.067,0.001
-0.750,0.000,0.000,0.000,0.000,0.076,0.002
-0.500,0.000,0.000,0.000,0.000,0.086,0.003
-0.250,0.000,0.000,0.000,0.000,0.100,0.004
0.000,0.000,0.000,0.000,0.000,0.108,0.005
0.250,0.000,0.000,0.000,0.000,0.100,0.004
0.500,0.000,0.000,0.000,0.000,0.086,0.003
0.750,0.000,0.000,0.000,0.000,0.075,0.002
1.000,0.000,0.000,0.000,0.000,0.067,0.001
1.250,0.000,0.000,0.000,0.000,0.059,0.000
1.500,0.000,0.000,0.000,0.000,0.052,0.000
1.750,0.000,0.000,0.000,0.000,0.046,0.000
2.000,0.000,0.000,0.000,0.000,0.041,0.000
2.250,0.000,0.000,0.000,0.000,0.037,0.000
2.500,0.000,0.000,0.000,0.000,0.035,0.000
2.750,0.000,0.000,0.000,0.000,0.033,0.000
3.000,0.000,0.000,0.000,0.000,0.032,0.000
-3.000,0.250,0.501,0.053,0.006,0.034,0.000
-2.750,0.250,0.453,0.054,0.007,0.034,0.000
-2.500,0.250,0.414,0.056,0.006,0.036,0.000
-2.250,0.250,0.398,0.056,0.006,0.038,0.000
-2.000,0.250,0.377,0.054,0.007,0.042,0.000
-1.750,0.250,0.351,0.048,0.009,0.047,0.000
-1.500,0.250,0.319,0.039,0.010,0.054,0.000
-1.250,0.250,0.281,0.026,0.011,0.061,0.000
-1.000,0.250,0.236,0.010,0.010,0.069,0.001
-0.750,0.250,0.197,-0.009,0.008,0.077,0.001
-0.500,0.250,0.191,-0.027,-0.000,0.085,0.003
-0.250,0.250,0.225,-0.028,-0.024,0.096,0.004
0.000,0.250,0.250,0.000,-0.041,0.102,0.005
0.250,0.250,0.225,0.028,-0.023,0.096,0.004
0.500,0.250,0.191,0.027,-0.000,0.085,0.003
0.750,0.250,0.199,0.009,0.008,0.076,0.001
1.000,0.250,0.237,-0.010,0.010,0.068,0.001
1.250,0.250,0.281,-0.027,0.011,0.060,0.000
1.500,0.250,0.319,-0.040,0.010,0.053,0.000
1.750,0.250,0.351,-0.049,0.009,0.047,0.000
2.000,0.250,0.377,-0.054,0.007,0.042,0.000
2.250,0.250,0.398,-0.056,0.006,0.038,0.000
2.500,0.250,0.414,-0.056,0.006,0.036,0.000
2.750,0.250,0.453,-0.054,0.007,0.034,0.000
3.000,0.250,0.501,-0.053,0.006,0.034,0.000
-3.000,0.500,0.801,0.060,0.010,0.032,0.000
-2.750,0.500,0.814,0.075,0.012,0.033,0.000
-2.500,0.500,0.814,0.088,0.014,0.035,0.000
-2.250,0.500,0.799,0.097,0.015,0.038,0.000
-2.000,0.500,0.777,0.104,0.019,0.042,0.000
-1.750,0.500,0.746,0.108,0.024,0.047,0.000
-1.500,0.500,0.704,0.108,0.030,0.054,0.000
-1.250,0.500,0.647,0.102,0.035,0.062,0.000
-1.000,0.500,0.571,0.088,0.038,0.070,0.000
-0.750,0.500,0.487,0.065,0.033,0.079,0.001
-0.500,0.500,0.433,0.036,0.011,0.087,0.002
-0.250,0.500,0.449,0.010,-0.043,0.098,0.004
0.000,0.500,0.474,-0.001,-0.084,0.105,0.007
0.250,0.500,0.450,-0.012,-0.042,0.098,0.004
0.500,0.500,0.437,-0.038,0.011,0.087,0.002
0.750,0.500,0.490,-0.066,0.033,0.078,0.001
1.000,0.500,0.573,-0.088,0.038,0.070,0.000
1.250,0.500,0.648,-0.102,0.035,0.061,0.000
1.500,0.500,0.704,-0.108,0.030,0.053,0.000
1.750,0.500,0.746,-0.108,0.024,0.047,0.000
2.000,0.500,0.776,-0.104,0.019,0.041,0.000
2.250,0.500,0.798,-0.097,0.015,0.038,0.000
2.500,0.500,0.813,-0.088,0.014,0.035,0.000
2.750,0.500,0.814,-0.075,0.012,0.033,0.000
3.000,0.500,0.801,-0.060,0.009,0.032,0.000
-3.000,0.750,1.041,0.064,0.010,0.031,0.000
-2.750,0.750,1.045,0.074,0.011,0.031,0.000
-2.500,0.750,1.050,0.088,0.014,0.033,0.000
-2.250,0.750,1.044,0.101,0.017,0.036,0.000
-2.000,0.750,1.034,0.114,0.023,0.039,0.000
-1.750,0.750,1.019,0.127,0.031,0.045,0.000
-1.500,0.750,0.996,0.140,0.042,0.052,0.000
-1.250,0.750,0.958,0.149,0.054,0.061,0.000
-1.000,0.750,0.900,0.153,0.065,0.072,0.000
-0.750,0.750,0.817,0.146,0.067,0.084,0.001
-0.500,0.750,0.726,0.118,0.046,0.098,0.002
-0.250,0.750,0.664,0.066,-0.015,0.116,0.005
0.000,0.750,0.640,-0.002,-0.069,0.126,0.009
0.250,0.750,0.669,-0.069,-0.013,0.115,0.005
0.500,0.750,0.731,-0.120,0.047,0.098,0.002
0.750,0.750,0.821,-0.146,0.066,0.084,0.001
1.000,0.750,0.902,-0.154,0.064,0.072,0.000
1.250,0.750,0.959,-0.149,0.054,0.061,0.000
1.500,0.750,0.996,-0.140,0.042,0.051,0.000
1.750,0.750,1.019,-0.127,0.031,0.044,0.000
2.000,0.750,1.034,-0.114,0.023,0.039,0.000
2.250,0.750,1.044,-0.101,0.017,0.035,0.000
2.500,0.750,1.050,-0.088,0.013,0.033,0.000
2.750,0.750,1.045,-0.074,0.011,0.031,0.000
3.000,0.750,1.041,-0.064,0.010,0.030,0.000
-3.000,1.000,1.109,0.060,0.004,0.029,0.000
-2.750,1.000,1.128,0.072,0.005,0.029,0.000
-2.500,1.000,1.134,0.086,0.007,0.030,0.000
-2.250,1.000,1.134,0.100,0.011,0.032,0.000
-2.000,1.000,1.131,0.116,0.016,0.035,0.000
-1.750,1.000,1.125,0.134,0.025,0.040,0.000
-1.500,1.000,1.116,0.152,0.037,0.048,0.000
-1.250,1.000,1.101,0.170,0.053,0.058,0.000
-1.000,1.000,1.075,0.185,0.072,0.072,0.001
-0.750,1.000,1.033,0.189,0.090,0.091,0.002
-0.500,1.000,0.961,0.170,0.093,0.116,0.004
-0.250,1.000,0.852,0.106,0.057,0.144,0.008
0.000,1.000,0.764,-0.002,0.008,0.160,0.012
0.250,1.000,0.858,-0.109,0.057,0.144,0.008
0.500,1.000,0.965,-0.171,0.092,0.115,0.004
0.750,1.000,1.035,-0.190,0.089,0.091,0.002
1.000,1.000,1.076,-0.185,0.071,0.072,0.001
1.250,1.000,1.101,-0.170,0.053,0.058,0.000
1.500,1.000,1.116,-0.152,0.037,0.047,0.000
1.750,1.000,1.125,-0.133,0.025,0.040,0.000
2.000,1.000,1.130,-0.116,0.016,0.035,0.000
2.250,1.000,1.134,-0.100,0.010,0.032,0.000
2.500,1.000,1.134,-0.086,0.007,0.030,0.000
2.750,1.000,1.128,-0.072,0.005,0.029,0.000
3.000,1.000,1.108,-0.059,0.004,0.028,0.000
-3.000,1.250,1.142,0.061,-0.004,0.026,0.000
-2.750,1.250,1.145,0.072,-0.004,0.026,0.000
-2.500,1.250,1.148,0.087,-0.003,0.026,0.000
-2.250,1.250,1.147,0.103,-0.002,0.027,0.000
-2.000,1.250,1.144,0.121,0.002,0.029,0.000
-1.750,1.250,1.140,0.142,0.009,0.033,0.000
-1.500,1.250,1.134,0.165,0.021,0.040,0.000
-1.250,1.250,1.125,0.188,0.038,0.051,0.000
-1.000,1.250,1.112,0.208,0.063,0.068,0.002
-0.750,1.250,1.093,0.216,0.097,0.092,0.005
-0.500,1.250,1.055,0.197,0.135,0.126,0.010
-0.250,1.250,0.957,0.127,0.148,0.166,0.015
0.000,1.250,0.840,-0.001,0.124,0.187,0.018
0.250,1.250,0.960,-0.128,0.147,0.166,0.016
0.500,1.250,1.056,-0.197,0.134,0.126,0.010
0.750,1.250,1.093,-0.215,0.096,0.092,0.005
1.000,1.250,1.113,-0.207,0.062,0.067,0.002
1.250,1.250,1.125,-0.187,0.037,0.051,0.000
1.500,1.250,1.134,-0.164,0.020,0.040,0.000
1.750,1.250,1.140,-0.141,0.009,0.033,0.000
2.000,1.250,1.144,-0.121,0.002,0.029,0.000
2.250,1.250,1.147,-0.102,-0.002,0.026,0.000
2.500,1.250,1.148,-0.086,-0.003,0.026,0.000
2.750,1.250,1.145,-0.072,-0.004,0.025,0.000
3.000,1.250,1.142,-0.061,-0.004,0.026,0.000
-3.000,1.500,1.138,0.056,-0.013,0.023,0.000
-2.750,1.500,1.141,0.070,-0.015,0.022,0.000
-2.500,1.500,1.141,0.086,-0.017,0.020,0.000
-2.250,1.500,1.140,0.104,-0.017,0.020,0.000
-2.000,1.500,1.138,0.125,-0.016,0.020,0.000
-1.750,1.500,1.134,0.149,-0.012,0.022,0.000
-1.500,1.500,1.128,0.177,-0.003,0.027,0.000
-1.250,1.500,1.119,0.207,0.014,0.036,0.001
-1.000,1.500,1.108,0.232,0.046,0.053,0.005
-0.750,1.500,1.091,0.242,0.100,0.080,0.012
-0.500,1.500,1.062,0.218,0.175,0.121,0.022
-0.250,1.500,0.983,0.140,0.245,0.167,0.028
0.000,1.500,0.867,0.000,0.255,0.193,0.027
0.250,1.500,0.984,-0.139,0.244,0.167,0.029
0.500,1.500,1.062,-0.217,0.174,0.120,0.023
0.750,1.500,1.091,-0.242,0.098,0.080,0.012
1.000,1.500,1.108,-0.232,0.045,0.053,0.005
1.250,1.500,1.119,-0.206,0.014,0.036,0.001
1.500,1.500,1.128,-0.177,-0.003,0.027,0.000
1.750,1.500,1.134,-0.149,-0.012,0.022,0.000
2.000,1.500,1.138,-0.124,-0.016,0.020,0.000
2.250,1.500,1.140,-0.104,-0.017,0.020,0.000
2.500,1.500,1.141,-0.086,-0.017,0.020,0.000
2.750,1.500,1.141,-0.070,-0.015,0.022,0.000
3.000,1.500,1.138,-0.056,-0.013,0.023,0.000
-3.000,1.750,1.132,0.056,-0.023,0.020,0.000
-2.750,1.750,1.133,0.067,-0.026,0.018,0.000
-2.500,1.750,1.133,0.084,-0.031,0.015,0.000
-2.250,1.750,1.133,0.103,-0.035,0.012,0.000
-2.000,1.750,1.131,0.126,-0.037,0.009,0.000
-1.750,1.750,1.129,0.153,-0.037,0.008,0.000
-1.500,1.750,1.124,0.187,-0.032,0.008,0.001
-1.250,1.750,1.117,0.224,-0.015,0.012,0.003
-1.000,1.750,1.108,0.256,0.026,0.024,0.012
-0.750,1.750,1.087,0.268,0.104,0.048,0.029
-0.500,1.750,1.044,0.237,0.220,0.090,0.047
-0.250,1.750,0.965,0.149,0.345,0.141,0.049
0.000,1.750,0.857,0.001,0.391,0.167,0.039
0.250,1.750,0.964,-0.146,0.344,0.141,0.049
0.500,1.750,1.044,-0.235,0.219,0.090,0.047
0.750,1.750,1.087,-0.266,0.103,0.049,0.029
1.000,1.750,1.108,-0.255,0.025,0.024,0.012
1.250,1.750,1.117,-0.223,-0.016,0.012,0.003
1.500,1.750,1.124,-0.186,-0.032,0.008,0.001
1.750,1.750,1.129,-0.153,-0.037,0.008,0.000
2.000,1.750,1.131,-0.125,-0.037,0.010,0.000
2.250,1.750,1.133,-0.102,-0.034,0.012,0.000
2.500,1.750,1.133,-0.084,-0.031,0.015,0.000
2.750,1.750,1.133,-0.067,-0.026,0.018,0.000
3.000,1.750,1.132,-0.056,-0.023,0.020,0.000
-3.000,2.000,1.126,0.049,-0.031,0.018,0.000
-2.750,2.000,1.127,0.063,-0.038,0.014,0.000
-2.500,2.000,1.128,0.079,-0.046,0.009,0.000
-2.250,2.000,1.129,0.098,-0.052,0.003,0.000
-2.000,2.000,1.129,0.121,-0.059,-0.003,0.000
-1.750,2.000,1.129,0.152,-0.065,-0.010,0.000
-1.500,2.000,1.127,0.190,-0.066,-0.017,0.002
-1.250,2.000,1.126,0.233,-0.050,-0.022,0.009
-1.000,2.000,1.123,0.268,0.006,-0.022,0.031
-0.750,2.000,1.092,0.277,0.114,-0.007,0.067
-0.500,2.000,1.021,0.241,0.269,0.030,0.092
-0.250,2.000,0.924,0.149,0.444,0.081,0.080
0.000,2.000,0.826,0.002,0.524,0.109,0.054
0.250,2.000,0.923,-0.147,0.444,0.082,0.080
0.500,2.000,1.021,-0.239,0.268,0.031,0.092
0.750,2.000,1.092,-0.276,0.113,-0.006,0.067
1.000,2.000,1.123,-0.267,0.005,-0.021,0.031
1.250,2.000,1.126,-0.232,-0.050,-0.022,0.009
1.500,2.000,1.127,-0.189,-0.066,-0.016,0.002
1.750,2.000,1.129,-0.151,-0.065,-0.009,0.000
2.000,2.000,1.129,-0.121,-0.059,-0.003,0.000
2.250,2.000,1.129,-0.097,-0.052,0.003,0.000
2.500,2.000,1.128,-0.079,-0.046,0.009,0.000
2.750,2.000,1.127,-0.062,-0.038,0.014,0.000
3.000,2.000,1.126,-0.049,-0.031,0.018,0.000
-3.000,2.250,1.121,0.046,-0.042,0.015,0.000
-2.750,2.250,1.123,0.056,-0.049,0.010,0.000
-2.500,2.250,1.126,0.071,-0.059,0.003,0.000
-2.250,2.250,1.128,0.088,-0.070,-0.006,0.000
-2.000,2.250,1.130,0.112,-0.082,-0.016,0.000
-1.750,2.250,1.132,0.142,-0.095,-0.029,0.001
-1.500,2.250,1.136,0.182,-0.103,-0.046,0.004
-1.250,2.250,1.148,0.225,-0.083,-0.065,0.023
-1.000,2.250,1.149,0.255,-0.007,-0.081,0.072
-0.750,2.250,1.092,0.255,0.126,-0.079,0.138
-0.500,2.250,0.978,0.220,0.308,-0.051,0.166
-0.250,2.250,0.865,0.136,0.530,-0.003,0.123
0.000,2.250,0.779,0.002,0.644,0.025,0.074
0.250,2.250,0.864,-0.134,0.530,-0.002,0.122
0.500,2.250,0.978,-0.218,0.309,-0.049,0.165
0.750,2.250,1.093,-0.254,0.126,-0.078,0.136
1.000,2.250,1.149,-0.254,-0.008,-0.080,0.071
1.250,2.250,1.147,-0.224,-0.084,-0.065,0.023
1.500,2.250,1.136,-0.181,-0.103,-0.045,0.004
1.750,2.250,1.132,-0.142,-0.095,-0.029,0.001
2.000,2.250,1.130,-0.111,-0.082,-0.016,0.000
2.250,2.250,1.128,-0.088,-0.070,-0.005,0.000
2.500,2.250,1.126,-0.070,-0.059,0.003,0.000
2.750,2.250,1.123,-0.055,-0.049,0.010,0.000
3.000,2.250,1.121,-0.046,-0.042,0.015,0.000
-3.000,2.500,1.118,0.036,-0.048,0.014,0.000
-2.750,2.500,1.121,0.046,-0.058,0.007,0.000
-2.500,2.500,1.124,0.059,-0.072,-0.002,0.000
-2.250,2.500,1.128,0.074,-0.086,-0.014,0.000
-2.000,2.500,1.132,0.095,-0.104,-0.029,0.000
-1.750,2.500,1.138,0.124,-0.125,-0.049,0.001
-1.500,2.500,1.151,0.160,-0.138,-0.077,0.010
-1.250,2.500,1.180,0.194,-0.106,-0.111,0.050
-1.000,2.500,1.172,0.208,-0.006,-0.140,0.140
-0.750,2.500,1.054,0.201,0.130,-0.149,0.233
-0.500,2.500,0.888,0.177,0.317,-0.132,0.254
-0.250,2.500,0.786,0.114,0.585,-0.094,0.174
0.000,2.500,0.723,0.001,0.738,-0.070,0.097
0.250,2.500,0.786,-0.112,0.588,-0.093,0.172
0.500,2.500,0.890,-0.176,0.319,-0.131,0.252
0.750,2.500,1.056,-0.201,0.130,-0.148,0.231
1.000,2.500,1.173,-0.208,-0.007,-0.139,0.138
1.250,2.500,1.179,-0.193,-0.107,-0.110,0.049
1.500,2.500,1.151,-0.159,-0.138,-0.076,0.010
1.750,2.500,1.137,-0.123,-0.124,-0.048,0.001
2.000,2.500,1.132,-0.095,-0.104,-0.028,0.000
2.250,2.500,1.128,-0.074,-0.086,-0.013,0.000
2.500,2.500,1.124,-0.059,-0.071,-0.002,0.000
2.750,2.500,1.120,-0.046,-0.058,0.007,0.000
3.000,2.500,1.117,-0.036,-0.047,0.014,0.000
-3.000,2.750,1.115,0.028,-0.056,0.012,0.000
-2.750,2.750,1.118,0.034,-0.066,0.005,0.000
-2.500,2.750,1.123,0.044,-0.081,-0.006,0.000
-2.250,2.750,1.128,0.056,-0.099,-0.020,0.000
-2.000,2.750,1.134,0.072,-0.122,-0.039,0.000
-1.750,2.750,1.143,0.094,-0.149,-0.066,0.002
-1.500,2.750,1.170,0.121,-0.163,-0.104,0.020
-1.250,2.750,1.217,0.141,-0.113,-0.150,0.093
-1.000,2.750,1.171,0.145,0.001,-0.188,0.221
-0.750,2.750,0.957,0.149,0.107,-0.204,0.308
-0.500,2.750,0.748,0.139,0.289,-0.199,0.316
-0.250,2.750,0.689,0.091,0.608,-0.174,0.220
0.000,2.750,0.663,0.001,0.805,-0.154,0.121
0.250,2.750,0.691,-0.089,0.612,-0.173,0.218
0.500,2.750,0.752,-0.138,0.292,-0.198,0.314
0.750,2.750,0.961,-0.149,0.108,-0.203,0.307
1.000,2.750,1.173,-0.145,-0.000,-0.187,0.218
1.250,2.750,1.216,-0.141,-0.114,-0.149,0.090
1.500,2.750,1.169,-0.121,-0.163,-0.103,0.019
1.750,2.750,1.143,-0.094,-0.149,-0.065,0.002
2.000,2.750,1.134,-0.072,-0.121,-0.038,0.000
2.250,2.750,1.128,-0.056,-0.099,-0.019,0.000
2.500,2.750,1.123,-0.044,-0.081,-0.006,0.000
2.750,2.750,1.118,-0.034,-0.066,0.005,0.000
3.000,2.750,1.115,-0.028,-0.056,0.012,0.000
-3.000,3.000,1.112,0.017,-0.057,0.014,0.000
-2.750,3.000,1.116,0.022,-0.071,0.005,0.000
-2.500,3.000,1.121,0.027,-0.088,-0.008,0.000
-2.250,3.000,1.127,0.034,-0.107,-0.023,0.000
-2.000,3.000,1.135,0.043,-0.134,-0.045,0.000
-1.750,3.000,1.148,0.056,-0.166,-0.077,0.004
-1.500,3.000,1.190,0.070,-0.176,-0.123,0.032
-1.250,3.000,1.247,0.077,-0.106,-0.177,0.140
-1.000,3.000,1.141,0.088,-0.010,-0.222,0.282
-0.750,3.000,0.828,0.118,0.053,-0.250,0.334
-0.500,3.000,0.595,0.119,0.245,-0.258,0.333
-0.250,3.000,0.584,0.072,0.611,-0.242,0.252
0.000,3.000,0.601,0.001,0.842,-0.226,0.145
0.250,3.000,0.588,-0.071,0.615,-0.241,0.249
0.500,3.000,0.601,-0.117,0.249,-0.256,0.332
0.750,3.000,0.834,-0.116,0.055,-0.248,0.334
1.000,3.000,1.145,-0.087,-0.009,-0.221,0.280
1.250,3.000,1.247,-0.077,-0.107,-0.176,0.137
1.500,3.000,1.188,-0.070,-0.176,-0.122,0.031
1.750,3.000,1.148,-0.056,-0.165,-0.076,0.003
2.000,3.000,1.134,-0.043,-0.133,-0.044,0.000
2.250,3.000,1.127,-0.034,-0.107,-0.023,0.000
2.500,3.000,1.121,-0.027,-0.087,-0.007,0.000
2.750,3.000,1.116,-0.022,-0.070,0.005,0.000
3.000,3.000,1.112,-0.017,-0.057,0.014,0.000
-3.000,3.250,1.110,0.007,-0.062,0.013,0.000
-2.750,3.250,1.113,0.008,-0.073,0.006,0.000
-2.500,3.250,1.119,0.009,-0.090,-0.007,0.000
-2.250,3.250,1.125,0.010,-0.110,-0.023,0.000
-2.000,3.250,1.133,0.012,-0.138,-0.046,0.000
-1.750,3.250,1.150,0.013,-0.171,-0.080,0.005
-1.500,3.250,1.205,0.012,-0.176,-0.129,0.043
-1.250,3.250,1.268,0.010,-0.096,-0.189,0.179
-1.000,3.250,1.100,0.033,-0.042,-0.243,0.311
-0.750,3.250,0.705,0.081,-0.019,-0.292,0.326
-0.500,3.250,0.465,0.093,0.203,-0.316,0.323
-0.250,3.250,0.486,0.052,0.605,-0.300,0.266
0.000,3.250,0.539,-0.000,0.852,-0.281,0.166
0.250,3.250,0.491,-0.052,0.609,-0.297,0.264
0.500,3.250,0.472,-0.092,0.206,-0.312,0.324
0.750,3.250,0.713,-0.079,-0.015,-0.289,0.327
1.000,3.250,1.107,-0.032,-0.040,-0.241,0.309
1.250,3.250,1.268,-0.010,-0.097,-0.188,0.175
1.500,3.250,1.203,-0.012,-0.177,-0.128,0.042
1.750,3.250,1.149,-0.013,-0.170,-0.079,0.004
2.000,3.250,1.133,-0.012,-0.137,-0.045,0.000
2.250,3.250,1.125,-0.010,-0.110,-0.022,0.000
2.500,3.250,1.119,-0.009,-0.089,-0.006,0.000
2.750,3.250,1.113,-0.008,-0.072,0.006,0.000
3.000,3.250,1.110,-0.007,-0.062,0.014,0.000
-3.000,3.500,1.106,-0.003,-0.059,0.018,0.000
-2.750,3.500,1.110,-0.005,-0.071,0.009,0.000
-2.500,3.500,1.116,-0.008,-0.088,-0.003,0.000
-2.250,3.500,1.122,-0.013,-0.107,-0.018,0.000
-2.000,3.500,1.130,-0.020,-0.133,-0.040,0.000
-1.750,3.500,1.146,-0.030,-0.164,-0.073,0.005
-1.500,3.500,1.209,-0.046,-0.166,-0.122,0.047
-1.250,3.500,1.282,-0.058,-0.086,-0.182,0.198
-1.000,3.500,1.084,-0.039,-0.070,-0.245,0.319
-0.750,3.500,0.634,0.002,-0.081,-0.316,0.309
-0.500,3.500,0.390,0.025,0.168,-0.355,0.304
-0.250,3.500,0.416,0.011,0.586,-0.327,0.266
0.000,3.500,0.487,-0.001,0.829,-0.299,0.182
0.250,3.500,0.421,-0.013,0.588,-0.324,0.265
0.500,3.500,0.397,-0.025,0.169,-0.350,0.305
0.750,3.500,0.644,-0.002,-0.077,-0.312,0.310
1.000,3.500,1.092,0.039,-0.066,-0.243,0.318
1.250,3.500,1.282,0.057,-0.087,-0.181,0.193
1.500,3.500,1.207,0.046,-0.166,-0.121,0.045
1.750,3.500,1.146,0.030,-0.164,-0.072,0.004
2.000,3.500,1.130,0.019,-0.132,-0.040,0.000
2.250,3.500,1.122,0.013,-0.106,-0.018,0.000
2.500,3.500,1.115,0.008,-0.087,-0.003,0.000
2.750,3.500,1.110,0.005,-0.071,0.010,0.000
3.000,3.500,1.106,0.003,-0.058,0.018,0.000
-3.000,3.750,1.103,-0.014,-0.059,0.020,0.000
-2.750,3.750,1.106,-0.017,-0.067,0.014,0.000
-2.500,3.750,1.111,-0.024,-0.082,0.003,0.000
-2.250,3.750,1.117,-0.034,-0.098,-0.011,0.000
-2.000,3.750,1.124,-0.047,-0.120,-0.030,0.000
-1.750,3.750,1.138,-0.068,-0.146,-0.058,0.003
-1.500,3.750,1.197,-0.098,-0.147,-0.100,0.040
-1.250,3.750,1.291,-0.121,-0.070,-0.155,0.189
-1.000,3.750,1.130,-0.124,-0.055,-0.216,0.318
-0.750,3.750,0.656,-0.114,-0.100,-0.288,0.297
-0.500,3.750,0.399,-0.091,0.135,-0.328,0.283
-0.250,3.750,0.398,-0.057,0.536,-0.286,0.255
0.000,3.750,0.455,-0.003,0.758,-0.244,0.195
0.250,3.750,0.401,0.053,0.537,-0.283,0.254
0.500,3.750,0.405,0.088,0.136,-0.324,0.283
0.750,3.750,0.666,0.112,-0.096,-0.285,0.299
1.000,3.750,1.138,0.123,-0.051,-0.214,0.317
1.250,3.750,1.291,0.121,-0.071,-0.153,0.184
1.500,3.750,1.195,0.097,-0.148,-0.099,0.039
1.750,3.750,1.137,0.068,-0.146,-0.057,0.003
2.000,3.750,1.124,0.047,-0.119,-0.029,0.000
2.250,3.750,1.117,0.033,-0.098,-0.010,0.000
2.500,3.750,1.111,0.024,-0.081,0.003,0.000
2.750,3.750,1.106,0.017,-0.067,0.014,0.000
3.000,3.750,1.103,0.013,-0.058,0.021,0.000
-3.000,4.000,1.099,-0.020,-0.052,0.027,0.000
-2.750,4.000,1.102,-0.027,-0.061,0.020,0.000
-2.500,4.000,1.106,-0.037,-0.072,0.011,0.000
-2.250,4.000,1.111,-0.050,-0.085,-0.000,0.000
-2.000,4.000,1.117,-0.069,-0.101,-0.015,0.000
-1.750,4.000,1.126,-0.096,-0.119,-0.037,0.002
-1.500,4.000,1.167,-0.135,-0.120,-0.068,0.025
-1.250,4.000,1.277,-0.172,-0.050,-0.110,0.147
-1.000,4.000,1.234,-0.192,0.009,-0.156,0.306
-0.750,4.000,0.796,-0.214,-0.043,-0.203,0.304
-0.500,4.000,0.475,-0.209,0.106,-0.220,0.259
-0.250,4.000,0.424,-0.132,0.439,-0.169,0.235
0.000,4.000,0.448,-0.003,0.620,-0.126,0.202
0.250,4.000,0.425,0.128,0.438,-0.169,0.235
0.500,4.000,0.479,0.206,0.104,-0.219,0.260
0.750,4.000,0.807,0.212,-0.040,-0.201,0.305
1.000,4.000,1.239,0.191,0.010,-0.155,0.304
1.250,4.000,1.275,0.171,-0.052,-0.109,0.143
1.500,4.000,1.165,0.134,-0.121,-0.067,0.024
1.750,4.000,1.126,0.095,-0.118,-0.036,0.002
2.000,4.000,1.116,0.068,-0.100,-0.015,0.000
2.250,4.000,1.111,0.050,-0.085,0.000,0.000
2.500,4.000,1.106,0.037,-0.072,0.011,0.000
2.750,4.000,1.102,0.027,-0.061,0.020,0.000
3.000,4.000,1.099,0.020,-0.052,0.027,0.000
-3.000,4.250,1.095,-0.028,-0.048,0.032,0.000
-2.750,4.250,1.098,-0.035,-0.054,0.027,0.000
-2.500,4.250,1.101,-0.047,-0.061,0.020,0.000
-2.250,4.250,1.104,-0.062,-0.070,0.012,0.000
-2.000,4.250,1.108,-0.082,-0.079,0.001,0.000
-1.750,4.250,1.113,-0.111,-0.087,-0.013,0.001
-1.500,4.250,1.133,-0.152,-0.086,-0.032,0.010
-1.250,4.250,1.220,-0.198,-0.034,-0.057,0.082
-1.000,4.250,1.301,-0.225,0.070,-0.083,0.250
-0.750,4.250,1.080,-0.249,0.090,-0.100,0.325
-0.500,4.250,0.666,-0.253,0.122,-0.088,0.273
-0.250,4.250,0.491,-0.168,0.312,-0.038,0.229
0.000,4.250,0.470,-0.001,0.431,-0.004,0.212
0.250,4.250,0.493,0.166,0.310,-0.039,0.229
0.500,4.250,0.673,0.251,0.122,-0.088,0.274
0.750,4.250,1.089,0.247,0.092,-0.100,0.325
1.000,4.250,1.301,0.224,0.069,-0.083,0.247
1.250,4.250,1.218,0.197,-0.036,-0.056,0.079
1.500,4.250,1.132,0.151,-0.087,-0.031,0.010
1.750,4.250,1.113,0.110,-0.087,-0.013,0.001
2.000,4.250,1.108,0.081,-0.078,0.001,0.000
2.250,4.250,1.104,0.061,-0.069,0.012,0.000
2.500,4.250,1.101,0.047,-0.061,0.020,0.000
2.750,4.250,1.098,0.035,-0.053,0.027,0.000
3.000,4.250,1.095,0.028,-0.048,0.032,0.000
-3.000,4.500,1.091,-0.031,-0.041,0.039,0.000
-2.750,4.500,1.093,-0.041,-0.045,0.035,0.000
-2.500,4.500,1.095,-0.053,-0.050,0.030,0.000
-2.250,4.500,1.098,-0.068,-0.054,0.024,0.000
-2.000,4.500,1.100,-0.088,-0.057,0.018,0.000
-1.750,4.500,1.102,-0.114,-0.057,0.010,0.000
-1.500,4.500,1.107,-0.150,-0.050,0.002,0.003
-1.250,4.500,1.143,-0.194,-0.016,-0.008,0.027
-1.000,4.500,1.248,-0.226,0.082,-0.015,0.134
-0.750,4.500,1.281,-0.231,0.189,-0.014,0.278
-0.500,4.500,1.089,-0.216,0.238,0.007,0.320
-0.250,4.500,0.827,-0.141,0.284,0.043,0.293
0.000,4.500,0.730,0.000,0.319,0.063,0.275
0.250,4.500,0.831,0.141,0.283,0.043,0.293
0.500,4.500,1.095,0.215,0.238,0.006,0.320
0.750,4.500,1.282,0.230,0.188,-0.014,0.276
1.000,4.500,1.246,0.225,0.080,-0.015,0.130
1.250,4.500,1.141,0.193,-0.018,-0.008,0.026
1.500,4.500,1.107,0.149,-0.050,0.002,0.002
1.750,4.500,1.102,0.114,-0.057,0.010,0.000
2.000,4.500,1.100,0.087,-0.057,0.018,0.000
2.250,4.500,1.098,0.068,-0.054,0.024,0.000
2.500,4.500,1.095,0.053,-0.050,0.030,0.000
2.750,4.500,1.093,0.040,-0.045,0.035,0.000
3.000,4.500,1.091,0.031,-0.041,0.039,0.000
-3.000,4.750,1.087,-0.036,-0.035,0.044,-0.000
-2.750,4.750,1.088,-0.044,-0.037,0.042,0.000
-2.500,4.750,1.090,-0.056,-0.038,0.039,0.000
-2.250,4.750,1.092,-0.070,-0.039,0.036,0.000
-2.000,4.750,1.093,-0.087,-0.037,0.033,0.000
-1.750,4.750,1.093,-0.109,-0.032,0.031,0.000
-1.500,4.750,1.093,-0.137,-0.019,0.029,0.000
-1.250,4.750,1.097,-0.168,0.008,0.029,0.005
-1.000,4.750,1.135,-0.196,0.068,0.034,0.036
-0.750,4.750,1.223,-0.199,0.174,0.045,0.126
-0.500,4.750,1.267,-0.164,0.274,0.060,0.233
-0.250,4.750,1.231,-0.097,0.334,0.079,0.286
0.000,4.750,1.199,0.001,0.354,0.088,0.296
0.250,4.750,1.233,0.098,0.333,0.078,0.285
0.500,4.750,1.267,0.165,0.273,0.060,0.232
0.750,4.750,1.221,0.199,0.171,0.044,0.124
1.000,4.750,1.134,0.196,0.066,0.033,0.035
1.250,4.750,1.097,0.168,0.007,0.029,0.005
1.500,4.750,1.093,0.136,-0.019,0.029,0.000
1.750,4.750,1.093,0.109,-0.032,0.030,0.000
2.000,4.750,1.093,0.087,-0.037,0.033,0.000
2.250,4.750,1.092,0.069,-0.039,0.036,0.000
2.500,4.750,1.090,0.055,-0.038,0.039,0.000
2.750,4.750,1.088,0.043,-0.037,0.042,0.000
3.000,4.750,1.087,0.036,-0.035,0.044,-0.000
-3.000,5.000,1.083,-0.035,-0.029,0.050,-0.000
-2.750,5.000,1.084,-0.045,-0.029,0.049,-0.000
-2.500,5.000,1.085,-0.056,-0.028,0.048,0.000
-2.250,5.000,1.086,-0.068,-0.026,0.047,0.000
-2.000,5.000,1.086,-0.082,-0.021,0.046,0.000
-1.750,5.000,1.085,-0.099,-0.012,0.047,0.000
-1.500,5.000,1.083,-0.118,0.003,0.049,0.000
-1.250,5.000,1.080,-0.138,0.027,0.054,0.001
-1.000,5.000,1.081,-0.153,0.066,0.063,0.005
-0.750,5.000,1.100,-0.154,0.126,0.076,0.023
-0.500,5.000,1.146,-0.128,0.202,0.092,0.064
-0.250,5.000,1.189,-0.072,0.264,0.106,0.112
0.000,5.000,1.202,0.001,0.288,0.112,0.132
0.250,5.000,1.188,0.074,0.263,0.106,0.112
0.500,5.000,1.145,0.129,0.200,0.091,0.063
0.750,5.000,1.099,0.154,0.124,0.076,0.022
1.000,5.000,1.081,0.153,0.065,0.063,0.004
1.250,5.000,1.080,0.137,0.027,0.054,0.001
1.500,5.000,1.084,0.118,0.002,0.049,0.000
1.750,5.000,1.085,0.099,-0.013,0.047,0.000
2.000,5.000,1.086,0.082,-0.022,0.046,0.000
2.250,5.000,1.086,0.068,-0.026,0.047,0.000
2.500,5.000,1.085,0.055,-0.028,0.048,0.000
2.750,5.000,1.084,0.044,-0.029,0.049,-0.000
3.000,5.000,1.083,0.035,-0.029,0.050,-0.000
-3.000,5.250,1.080,-0.037,-0.023,0.056,-0.000
-2.750,5.250,1.080,-0.044,-0.022,0.055,-0.000
-2.500,5.250,1.081,-0.054,-0.020,0.055,0.000
-2.250,5.250,1.081,-0.064,-0.016,0.056,0.000
-2.000,5.250,1.080,-0.075,-0.010,0.057,0.000
-1.750,5.250,1.079,-0.088,0.001,0.059,0.000
-1.500,5.250,1.077,-0.100,0.016,0.063,0.000
-1.250,5.250,1.073,-0.110,0.037,0.070,0.000
-1.000,5.250,1.068,-0.115,0.066,0.079,0.000
-0.750,5.250,1.064,-0.110,0.102,0.090,0.002
-0.500,5.250,1.064,-0.090,0.142,0.103,0.006
-0.250,5.250,1.070,-0.051,0.175,0.113,0.012
0.000,5.250,1.074,0.001,0.188,0.117,0.016
0.250,5.250,1.070,0.052,0.174,0.113,0.012
0.500,5.250,1.064,0.090,0.141,0.103,0.006
0.750,5.250,1.064,0.111,0.101,0.090,0.002
1.000,5.250,1.068,0.115,0.066,0.078,0.000
1.250,5.250,1.073,0.110,0.037,0.069,0.000
1.500,5.250,1.077,0.100,0.015,0.063,0.000
1.750,5.250,1.079,0.087,0.000,0.059,0.000
2.000,5.250,1.080,0.075,-0.010,0.057,0.000
2.250,5.250,1.081,0.064,-0.016,0.055,0.000
2.500,5.250,1.081,0.053,-0.020,0.055,0.000
2.750,5.250,1.080,0.044,-0.022,0.055,-0.000
3.000,5.250,1.080,0.037,-0.023,0.056,-0.000
-3.000,5.500,1.077,-0.035,-0.018,0.061,-0.000
-2.750,5.500,1.077,-0.042,-0.016,0.061,-0.000
-2.500,5.500,1.077,-0.050,-0.013,0.062,-0.000
-2.250,5.500,1.076,-0.059,-0.008,0.063,0.000
-2.000,5.500,1.076,-0.067,-0.001,0.065,0.000
-1.750,5.500,1.074,-0.076,0.009,0.068,0.000
-1.500,5.500,1.072,-0.083,0.022,0.073,0.000
-1.250,5.500,1.069,-0.088,0.040,0.079,0.000
-1.000,5.500,1.065,-0.087,0.062,0.087,0.000
-0.750,5.500,1.060,-0.079,0.087,0.096,0.000
-0.500,5.500,1.055,-0.062,0.111,0.105,0.000
-0.250,5.500,1.052,-0.034,0.128,0.112,0.001
0.000,5.500,1.051,0.000,0.135,0.114,0.001
0.250,5.500,1.052,0.035,0.128,0.112,0.000
0.500,5.500,1.056,0.062,0.110,0.105,0.000
0.750,5.500,1.060,0.080,0.086,0.096,0.000
1.000,5.500,1.065,0.087,0.062,0.087,0.000
1.250,5.500,1.069,0.088,0.040,0.079,0.000
1.500,5.500,1.072,0.083,0.022,0.073,0.000
1.750,5.500,1.074,0.075,0.008,0.068,0.000
2.000,5.500,1.076,0.067,-0.001,0.065,0.000
2.250,5.500,1.076,0.058,-0.008,0.063,0.000
2.500,5.500,1.077,0.050,-0.013,0.062,-0.000
2.750,5.500,1.077,0.042,-0.016,0.061,-0.000
3.000,5.500,1.077,0.035,-0.018,0.061,-0.000
-3.000,5.750,1.074,-0.035,-0.013,0.065,0.000
-2.750,5.750,1.074,-0.040,-0.011,0.066,0.000
-2.500,5.750,1.073,-0.047,-0.008,0.067,-0.000
-2.250,5.750,1.073,-0.053,-0.003,0.069,-0.000
-2.000,5.750,1.072,-0.059,0.004,0.071,0.000
-1.750,5.750,1.070,-0.065,0.013,0.075,0.000
-1.500,5.750,1.068,-0.069,0.025,0.079,0.000
-1.250,5.750,1.066,-0.070,0.039,0.085,0.000
-1.000,5.750,1.063,-0.067,0.056,0.092,0.000
-0.750,5.750,1.059,-0.059,0.073,0.098,0.000
-0.500,5.750,1.056,-0.044,0.089,0.105,0.000
-0.250,5.750,1.054,-0.024,0.100,0.109,0.000
0.000,5.750,1.053,0.000,0.104,0.111,0.000
0.250,5.750,1.054,0.024,0.099,0.109,0.000
0.500,5.750,1.056,0.045,0.088,0.104,0.000
0.750,5.750,1.059,0.059,0.073,0.098,0.000
1.000,5.750,1.063,0.067,0.055,0.091,0.000
1.250,5.750,1.066,0.070,0.039,0.085,0.000
1.500,5.750,1.069,0.069,0.025,0.079,0.000
1.750,5.750,1.071,0.064,0.013,0.075,0.000
2.000,5.750,1.072,0.059,0.004,0.071,0.000
2.250,5.750,1.073,0.053,-0.003,0.069,-0.000
2.500,5.750,1.073,0.046,-0.008,0.067,-0.000
2.750,5.750,1.074,0.040,-0.011,0.066,0.000
3.000,5.750,1.074,0.035,-0.013,0.065,0.000
-3.000,6.000,1.071,-0.032,-0.010,0.069,-0.000
-2.750,6.000,1.071,-0.037,-0.008,0.070,0.000
-2.500,6.000,1.071,-0.043,-0.004,0.072,-0.000
-2.250,6.000,1.070,-0.047,0.001,0.074,-0.000
-2.000,6.000,1.069,-0.052,0.007,0.076,0.000
-1.750,6.000,1.068,-0.055,0.015,0.080,0.000
-1.500,6.000,1.066,-0.057,0.025,0.084,0.000
-1.250,6.000,1.064,-0.056,0.036,0.089,0.000
-1.000,6.000,1.061,-0.053,0.048,0.094,0.000
-0.750,6.000,1.059,-0.045,0.061,0.099,0.000
-0.500,6.000,1.057,-0.033,0.071,0.103,0.000
-0.250,6.000,1.055,-0.017,0.079,0.107,0.000
0.000,6.000,1.055,0.000,0.081,0.108,0.000
0.250,6.000,1.055,0.018,0.078,0.106,0.000
0.500,6.000,1.057,0.033,0.071,0.103,0.000
0.750,6.000,1.059,0.045,0.060,0.099,0.000
1.000,6.000,1.061,0.053,0.048,0.094,0.000
1.250,6.000,1.064,0.057,0.036,0.088,0.000
1.500,6.000,1.066,0.057,0.025,0.084,0.000
1.750,6.000,1.068,0.055,0.015,0.079,0.000
2.000,6.000,1.069,0.052,0.007,0.076,0.000
2.250,6.000,1.070,0.047,0.001,0.074,-0.000
2.500,6.000,1.071,0.043,-0.004,0.072,-0.000
2.750,6.000,1.071,0.037,-0.008,0.070,0.000
3.000,6.000,1.071,0.032,-0.010,0.069,-0.000
