# plane y_D = 0 | grid 33 x 13, spacing 0.25 D | 415 of 429 nodes | fields %.3f | nondimensional
x_D,z_D,cp,u_over_U,v_over_U,w_over_U
-2.000,-1.500,0.041,0.988,-0.002,-0.026
-1.750,-1.500,0.044,0.986,-0.003,-0.035
-1.500,-1.500,0.043,0.986,-0.004,-0.044
-1.250,-1.500,0.034,0.990,-0.004,-0.058
-1.000,-1.500,0.014,0.999,-0.005,-0.071
-0.750,-1.500,-0.019,1.014,-0.006,-0.081
-0.500,-1.500,-0.065,1.036,-0.008,-0.083
-0.250,-1.500,-0.115,1.060,-0.008,-0.073
0.000,-1.500,-0.154,1.079,-0.009,-0.049
0.250,-1.500,-0.172,1.086,-0.010,-0.018
0.500,-1.500,-0.167,1.081,-0.012,0.011
0.750,-1.500,-0.149,1.071,-0.014,0.030
1.000,-1.500,-0.128,1.064,-0.015,0.042
1.250,-1.500,-0.105,1.060,-0.013,0.054
1.500,-1.500,-0.081,1.051,-0.007,0.069
1.750,-1.500,-0.050,1.029,0.000,0.079
2.000,-1.500,-0.019,1.001,0.005,0.077
2.250,-1.500,0.007,0.978,0.007,0.062
2.500,-1.500,0.028,0.962,0.006,0.037
2.750,-1.500,0.038,0.959,0.003,0.002
3.000,-1.500,0.040,0.973,0.000,-0.032
3.250,-1.500,0.032,0.984,-0.003,-0.057
3.500,-1.500,0.021,0.988,0.010,-0.073
3.750,-1.500,0.008,1.016,0.029,-0.063
4.000,-1.500,-0.001,1.037,0.035,-0.035
4.250,-1.500,-0.008,1.039,0.031,-0.009
4.500,-1.500,-0.009,1.030,0.024,0.007
4.750,-1.500,-0.007,1.017,0.016,0.016
5.000,-1.500,-0.005,1.006,0.009,0.019
5.250,-1.500,-0.004,0.997,0.003,0.019
5.500,-1.500,-0.003,0.989,-0.002,0.018
5.750,-1.500,-0.005,0.981,-0.006,0.018
6.000,-1.500,-0.009,0.969,-0.014,0.019
-2.000,-1.250,0.057,0.980,-0.003,-0.030
-1.750,-1.250,0.064,0.976,-0.003,-0.040
-1.500,-1.250,0.069,0.973,-0.004,-0.052
-1.250,-1.250,0.066,0.973,-0.005,-0.074
-1.000,-1.250,0.046,0.981,-0.007,-0.098
-0.750,-1.250,-0.001,1.002,-0.008,-0.122
-0.500,-1.250,-0.081,1.040,-0.010,-0.133
-0.250,-1.250,-0.173,1.084,-0.011,-0.119
0.000,-1.250,-0.244,1.120,-0.011,-0.078
0.250,-1.250,-0.268,1.132,-0.012,-0.017
0.500,-1.250,-0.241,1.112,-0.016,0.036
0.750,-1.250,-0.198,1.083,-0.024,0.057
1.000,-1.250,-0.166,1.072,-0.032,0.057
1.250,-1.250,-0.140,1.085,-0.032,0.066
1.500,-1.250,-0.109,1.079,-0.013,0.108
1.750,-1.250,-0.059,1.034,0.004,0.131
2.000,-1.250,-0.010,0.982,0.012,0.122
2.250,-1.250,0.029,0.936,0.011,0.087
2.500,-1.250,0.056,0.900,0.001,0.017
2.750,-1.250,0.056,0.727,-0.061,-0.028
3.000,-1.250,0.016,0.448,-0.143,-0.004
3.250,-1.250,-0.010,0.404,-0.010,-0.157
3.500,-1.250,-0.001,0.508,0.124,-0.278
3.750,-1.250,-0.006,0.592,0.167,-0.256
4.000,-1.250,-0.016,0.691,0.151,-0.167
4.250,-1.250,-0.020,0.816,0.111,-0.076
4.500,-1.250,-0.016,0.916,0.068,-0.010
4.750,-1.250,-0.009,0.969,0.037,0.024
5.000,-1.250,-0.005,0.987,0.017,0.036
5.250,-1.250,-0.002,0.988,0.005,0.038
5.500,-1.250,-0.001,0.982,-0.003,0.036
5.750,-1.250,-0.003,0.973,-0.010,0.034
6.000,-1.250,-0.008,0.961,-0.019,0.033
-2.000,-1.000,0.071,0.973,-0.003,-0.027
-1.750,-1.000,0.090,0.963,-0.004,-0.041
-1.500,-1.000,0.106,0.954,-0.005,-0.057
-1.250,-1.000,0.119,0.945,-0.006,-0.089
-1.000,-1.000,0.110,0.944,-0.008,-0.132
-0.750,-1.000,0.048,0.967,-0.011,-0.188
-0.500,-1.000,-0.102,1.033,-0.013,-0.228
-0.250,-1.000,-0.284,1.120,-0.015,-0.212
0.000,-1.000,-0.427,1.196,-0.012,-0.146
0.250,-1.000,-0.479,1.239,-0.007,-0.008
0.500,-1.000,-0.367,1.156,-0.017,0.113
0.750,-1.000,-0.256,1.071,-0.042,0.125
1.000,-1.000,-0.218,1.042,-0.091,0.082
1.250,-1.000,-0.220,1.119,-0.123,0.068
1.500,-1.000,-0.175,1.133,-0.026,0.206
1.750,-1.000,-0.076,1.022,0.028,0.240
2.000,-1.000,0.001,0.921,0.035,0.202
2.250,-1.000,0.040,0.835,0.026,0.129
2.500,-1.000,0.031,0.599,-0.063,0.095
2.750,-1.000,-0.045,0.464,-0.172,0.060
3.000,-1.000,-0.085,0.424,0.019,0.017
3.250,-1.000,-0.038,0.518,0.183,-0.234
3.500,-1.000,-0.020,0.568,0.187,-0.294
3.750,-1.000,-0.042,0.594,0.147,-0.241
4.000,-1.000,-0.058,0.585,0.122,-0.170
4.250,-1.000,-0.051,0.582,0.111,-0.114
4.500,-1.000,-0.035,0.646,0.089,-0.054
4.750,-1.000,-0.018,0.762,0.054,0.003
5.000,-1.000,-0.007,0.865,0.022,0.038
5.250,-1.000,-0.001,0.925,0.001,0.052
5.500,-1.000,0.002,0.950,-0.010,0.053
5.750,-1.000,0.001,0.957,-0.018,0.051
6.000,-1.000,-0.003,0.954,-0.028,0.047
-2.000,-0.750,0.094,0.962,-0.003,-0.027
-1.750,-0.750,0.120,0.948,-0.004,-0.039
-1.500,-0.750,0.151,0.931,-0.005,-0.057
-1.250,-0.750,0.196,0.903,-0.007,-0.098
-1.000,-0.750,0.228,0.875,-0.010,-0.164
-0.750,-0.750,0.181,0.871,-0.013,-0.286
-0.500,-0.750,-0.151,0.994,-0.018,-0.427
-0.250,-0.750,-0.559,1.187,-0.022,-0.363
0.000,-0.750,-0.712,0.937,-0.084,-0.217
0.250,-0.750,-1.028,0.639,-0.056,-0.079
0.500,-0.750,-0.568,0.931,-0.017,0.288
0.750,-0.750,-0.324,0.923,-0.060,0.271
1.000,-0.750,-0.312,0.896,-0.190,0.208
1.250,-0.750,-0.334,0.713,-0.241,0.110
1.500,-0.750,-0.290,0.779,-0.045,0.283
1.750,-0.750,-0.109,0.821,0.093,0.385
2.000,-0.750,0.001,0.751,0.088,0.300
2.250,-0.750,0.027,0.583,0.002,0.217
2.500,-0.750,-0.006,0.480,-0.139,0.165
2.750,-0.750,-0.045,0.513,0.051,0.193
3.000,-0.750,-0.028,0.651,0.256,-0.008
3.250,-0.750,0.002,0.622,0.286,-0.154
3.500,-0.750,-0.017,0.529,0.218,-0.203
3.750,-0.750,-0.047,0.524,0.079,-0.171
4.000,-0.750,-0.051,0.686,-0.078,-0.071
4.250,-0.750,-0.040,0.780,-0.139,-0.019
4.500,-0.750,-0.026,0.809,-0.139,0.012
4.750,-0.750,-0.013,0.830,-0.114,0.039
5.000,-0.750,-0.003,0.862,-0.085,0.058
5.250,-0.750,0.002,0.896,-0.062,0.067
5.500,-0.750,0.006,0.921,-0.049,0.069
5.750,-0.750,0.006,0.936,-0.046,0.068
6.000,-0.750,0.003,0.943,-0.048,0.065
-2.000,-0.500,0.103,0.957,-0.003,-0.019
-1.750,-0.500,0.149,0.933,-0.005,-0.032
-1.500,-0.500,0.199,0.906,-0.006,-0.048
-1.250,-0.500,0.287,0.852,-0.008,-0.088
-1.000,-0.500,0.399,0.772,-0.012,-0.161
-0.750,-0.500,0.497,0.642,-0.016,-0.327
-0.250,-0.500,-0.756,0.000,0.000,0.000
0.000,-0.500,-0.808,0.000,0.000,0.000
0.500,-0.500,-0.574,0.000,0.000,0.000
0.750,-0.500,-0.439,0.570,-0.323,0.191
1.000,-0.500,-0.465,0.566,-0.265,0.268
1.250,-0.500,-0.416,0.325,-0.182,0.266
1.500,-0.500,-0.323,0.350,0.127,0.332
1.750,-0.500,-0.129,0.484,0.214,0.435
2.000,-0.500,-0.005,0.436,0.104,0.376
2.250,-0.500,0.015,0.396,-0.049,0.313
2.500,-0.500,0.007,0.588,0.112,0.283
2.750,-0.500,0.019,0.755,0.269,0.122
3.000,-0.500,0.026,0.725,0.304,0.002
3.250,-0.500,0.004,0.616,0.291,-0.058
3.500,-0.500,-0.031,0.544,0.155,-0.082
3.750,-0.500,-0.039,0.490,-0.029,-0.130
4.000,-0.500,-0.023,0.492,-0.110,-0.170
4.250,-0.500,-0.002,0.547,-0.140,-0.164
4.500,-0.500,0.010,0.642,-0.151,-0.120
4.750,-0.500,0.012,0.757,-0.149,-0.053
5.000,-0.500,0.012,0.849,-0.132,0.011
5.250,-0.500,0.011,0.898,-0.111,0.053
5.500,-0.500,0.011,0.918,-0.092,0.074
5.750,-0.500,0.010,0.928,-0.080,0.083
6.000,-0.500,0.007,0.936,-0.067,0.088
-2.000,-0.250,0.124,0.947,-0.004,-0.013
-1.750,-0.250,0.171,0.921,-0.005,-0.019
-1.500,-0.250,0.236,0.886,-0.006,-0.030
-1.250,-0.250,0.361,0.810,-0.009,-0.055
-1.000,-0.250,0.545,0.683,-0.013,-0.101
-0.750,-0.250,0.783,0.448,-0.017,-0.186
-0.500,-0.250,0.952,0.000,0.000,0.000
0.500,-0.250,-0.456,0.000,0.000,0.000
0.750,-0.250,-0.559,0.056,-0.243,0.089
1.000,-0.250,-0.512,0.068,0.031,0.028
1.250,-0.250,-0.461,0.295,0.295,0.324
1.500,-0.250,-0.297,0.328,0.417,0.423
1.750,-0.250,-0.115,0.402,0.340,0.503
2.000,-0.250,0.007,0.532,0.285,0.485
2.250,-0.250,0.055,0.689,0.312,0.361
2.500,-0.250,0.072,0.750,0.325,0.208
2.750,-0.250,0.063,0.729,0.310,0.099
3.000,-0.250,0.032,0.662,0.308,0.047
3.250,-0.250,-0.012,0.611,0.212,0.023
3.500,-0.250,-0.034,0.599,-0.048,-0.018
3.750,-0.250,-0.018,0.632,-0.183,-0.110
4.000,-0.250,0.005,0.680,-0.190,-0.162
4.250,-0.250,0.020,0.713,-0.162,-0.180
4.500,-0.250,0.026,0.728,-0.136,-0.174
4.750,-0.250,0.025,0.738,-0.130,-0.143
5.000,-0.250,0.020,0.763,-0.139,-0.084
5.250,-0.250,0.015,0.810,-0.143,-0.008
5.500,-0.250,0.013,0.860,-0.128,0.056
5.750,-0.250,0.010,0.896,-0.104,0.095
6.000,-0.250,0.008,0.916,-0.072,0.113
-2.000,0.000,0.119,0.949,-0.004,-0.003
-1.750,0.000,0.181,0.917,-0.005,-0.003
-1.500,0.000,0.251,0.878,-0.007,-0.004
-1.250,0.000,0.392,0.794,-0.010,-0.006
-1.000,0.000,0.600,0.651,-0.014,-0.009
-0.750,0.000,0.860,0.400,-0.018,-0.011
0.750,0.000,-0.528,-0.085,-0.146,0.196
1.000,0.000,-0.548,0.144,0.219,-0.033
1.250,0.000,-0.509,0.149,0.462,0.316
1.500,0.000,-0.332,0.247,0.535,0.473
1.750,0.000,-0.123,0.361,0.515,0.440
2.000,0.000,0.023,0.495,0.473,0.340
2.250,0.000,0.086,0.614,0.435,0.234
2.500,0.000,0.092,0.683,0.391,0.156
2.750,0.000,0.067,0.657,0.342,0.124
3.000,0.000,0.029,0.615,0.199,0.113
3.250,0.000,-0.001,0.674,-0.118,0.068
3.500,0.000,0.004,0.724,-0.244,-0.035
3.750,0.000,0.021,0.763,-0.227,-0.100
4.000,0.000,0.033,0.788,-0.192,-0.125
4.250,0.000,0.037,0.796,-0.155,-0.128
4.500,0.000,0.037,0.796,-0.117,-0.125
4.750,0.000,0.032,0.788,-0.080,-0.122
5.000,0.000,0.025,0.779,-0.063,-0.107
5.250,0.000,0.019,0.779,-0.073,-0.060
5.500,0.000,0.014,0.802,-0.087,0.022
5.750,0.000,0.010,0.843,-0.075,0.094
6.000,0.000,0.009,0.875,-0.036,0.127
-2.000,0.250,0.126,0.945,-0.004,0.008
-1.750,0.250,0.175,0.919,-0.005,0.013
-1.500,0.250,0.241,0.884,-0.007,0.021
-1.250,0.250,0.369,0.807,-0.010,0.043
-1.000,0.250,0.556,0.678,-0.014,0.084
-0.750,0.250,0.796,0.442,-0.019,0.162
-0.500,0.250,0.966,0.000,0.000,0.000
0.500,0.250,-0.392,0.000,0.000,0.000
0.750,0.250,-0.436,0.086,-0.186,-0.065
1.000,0.250,-0.531,0.108,-0.033,-0.051
1.250,0.250,-0.532,-0.064,0.223,0.209
1.500,0.250,-0.393,-0.030,0.413,0.337
1.750,0.250,-0.181,0.130,0.515,0.293
2.000,0.250,-0.017,0.293,0.539,0.156
2.250,0.250,0.054,0.456,0.499,0.111
2.500,0.250,0.065,0.536,0.360,0.201
2.750,0.250,0.056,0.566,0.098,0.248
3.000,0.250,0.043,0.604,-0.152,0.171
3.250,0.250,0.049,0.631,-0.200,0.049
3.500,0.250,0.051,0.676,-0.150,-0.017
3.750,0.250,0.045,0.707,-0.124,-0.035
4.000,0.250,0.042,0.723,-0.110,-0.051
4.250,0.250,0.041,0.749,-0.096,-0.066
4.500,0.250,0.039,0.782,-0.080,-0.072
4.750,0.250,0.036,0.809,-0.063,-0.072
5.000,0.250,0.031,0.820,-0.041,-0.066
5.250,0.250,0.026,0.813,-0.011,-0.055
5.500,0.250,0.023,0.801,0.018,-0.022
5.750,0.250,0.021,0.809,0.039,0.032
6.000,0.250,0.018,0.829,0.060,0.068
-2.000,0.500,0.108,0.955,-0.004,0.015
-1.750,0.500,0.156,0.930,-0.005,0.026
-1.500,0.500,0.208,0.901,-0.007,0.041
-1.250,0.500,0.301,0.845,-0.009,0.078
-1.000,0.500,0.422,0.761,-0.013,0.146
-0.750,0.500,0.534,0.624,-0.018,0.303
-0.500,0.500,-0.862,0.000,0.000,0.000
0.000,0.500,-0.676,0.000,0.000,0.000
0.250,0.500,-0.715,0.000,0.000,0.000
0.500,0.500,-0.425,0.000,0.000,0.000
0.750,0.500,-0.372,-0.087,-0.340,-0.160
1.000,0.500,-0.452,-0.207,-0.088,-0.093
1.250,0.500,-0.393,-0.223,-0.030,-0.099
1.500,0.500,-0.340,-0.218,0.011,0.075
1.750,0.500,-0.211,-0.099,0.273,0.124
2.000,0.500,-0.082,0.060,0.411,0.052
2.250,0.500,-0.011,0.225,0.254,0.149
2.500,0.500,0.020,0.365,-0.024,0.348
2.750,0.500,0.023,0.427,-0.105,0.249
3.000,0.500,0.032,0.626,0.086,-0.024
3.250,0.500,0.034,0.672,0.136,-0.107
3.500,0.500,0.035,0.605,0.084,-0.072
3.750,0.500,0.033,0.598,0.024,-0.045
4.000,0.500,0.034,0.712,-0.027,-0.070
4.250,0.500,0.036,0.813,-0.049,-0.085
4.500,0.500,0.035,0.859,-0.049,-0.077
4.750,0.500,0.033,0.880,-0.042,-0.065
5.000,0.500,0.030,0.890,-0.036,-0.051
5.250,0.500,0.028,0.894,-0.029,-0.037
5.500,0.500,0.025,0.892,-0.022,-0.020
5.750,0.500,0.023,0.888,-0.013,-0.003
6.000,0.500,0.019,0.880,-0.001,0.006
-2.000,0.750,0.100,0.959,-0.004,0.023
-1.750,0.750,0.130,0.943,-0.005,0.035
-1.500,0.750,0.164,0.925,-0.006,0.052
-1.250,0.750,0.216,0.894,-0.009,0.091
-1.000,0.750,0.259,0.859,-0.012,0.154
-0.750,0.750,0.235,0.843,-0.016,0.274
-0.500,0.750,-0.042,0.939,-0.020,0.419
-0.250,0.750,-0.377,1.083,-0.012,0.424
0.000,0.750,-0.666,0.756,0.021,0.196
0.250,0.750,-0.739,0.646,-0.078,0.042
0.500,0.750,-0.471,0.687,-0.053,-0.124
0.750,0.750,-0.297,0.615,-0.058,-0.140
1.000,0.750,-0.339,0.454,-0.411,-0.108
1.250,0.750,-0.436,0.398,-0.087,-0.152
1.500,0.750,-0.378,0.405,0.188,-0.296
1.750,0.750,-0.258,0.287,-0.010,-0.238
2.000,0.750,-0.101,0.088,-0.182,-0.032
2.250,0.750,-0.029,0.133,-0.104,0.346
2.500,0.750,-0.018,0.426,0.257,0.307
2.750,0.750,-0.030,0.576,0.349,0.085
3.000,0.750,-0.028,0.552,0.203,-0.036
3.250,0.750,-0.005,0.641,0.063,-0.105
3.500,0.750,0.012,0.809,-0.006,-0.137
3.750,0.750,0.024,0.901,-0.030,-0.130
4.000,0.750,0.026,0.930,-0.034,-0.110
4.250,0.750,0.028,0.936,-0.033,-0.089
4.500,0.750,0.027,0.936,-0.031,-0.071
4.750,0.750,0.027,0.934,-0.028,-0.054
5.000,0.750,0.026,0.932,-0.026,-0.039
5.250,0.750,0.024,0.926,-0.028,-0.024
5.500,0.750,0.022,0.915,-0.033,-0.012
5.750,0.750,0.019,0.902,-0.038,-0.003
6.000,0.750,0.015,0.902,-0.038,-0.006
-2.000,1.000,0.078,0.970,-0.003,0.024
-1.750,1.000,0.101,0.958,-0.004,0.038
-1.500,1.000,0.120,0.948,-0.006,0.053
-1.250,1.000,0.141,0.934,-0.008,0.085
-1.000,1.000,0.142,0.928,-0.010,0.128
-0.750,1.000,0.096,0.942,-0.014,0.186
-0.500,1.000,-0.031,0.995,-0.018,0.238
-0.250,1.000,-0.202,1.075,-0.021,0.246
0.000,1.000,-0.357,1.164,-0.022,0.196
0.250,1.000,-0.418,1.207,-0.025,0.074
0.500,1.000,-0.336,1.141,-0.028,-0.034
0.750,1.000,-0.231,1.046,-0.039,-0.043
1.000,1.000,-0.202,1.012,-0.054,0.047
1.250,1.000,-0.260,0.953,-0.126,0.050
1.500,1.000,-0.264,0.937,-0.075,-0.060
1.750,1.000,-0.194,0.987,0.031,-0.140
2.000,1.000,-0.060,0.874,0.025,-0.101
2.250,1.000,0.013,0.613,-0.097,0.069
2.500,1.000,-0.020,0.660,-0.138,0.085
2.750,1.000,-0.030,0.848,-0.098,-0.032
3.000,1.000,-0.016,0.975,-0.042,-0.102
3.250,1.000,0.002,1.006,-0.012,-0.116
3.500,1.000,0.010,1.003,-0.008,-0.107
3.750,1.000,0.015,0.991,-0.012,-0.093
4.000,1.000,0.018,0.980,-0.015,-0.080
4.250,1.000,0.019,0.971,-0.017,-0.067
4.500,1.000,0.020,0.965,-0.018,-0.054
4.750,1.000,0.021,0.961,-0.018,-0.042
5.000,1.000,0.021,0.959,-0.018,-0.029
5.250,1.000,0.020,0.960,-0.019,-0.017
5.500,1.000,0.019,0.967,-0.021,-0.006
5.750,1.000,0.018,0.979,-0.023,-0.001
6.000,1.000,0.016,0.992,-0.022,-0.003
-2.000,1.250,0.065,0.977,-0.003,0.027
-1.750,1.250,0.076,0.971,-0.004,0.037
-1.500,1.250,0.084,0.967,-0.005,0.049
-1.250,1.250,0.087,0.964,-0.007,0.072
-1.000,1.250,0.075,0.967,-0.008,0.097
-0.750,1.250,0.036,0.983,-0.011,0.125
-0.500,1.250,-0.033,1.015,-0.013,0.145
-0.250,1.250,-0.121,1.057,-0.015,0.142
0.000,1.250,-0.197,1.096,-0.017,0.112
0.250,1.250,-0.233,1.112,-0.019,0.059
0.500,1.250,-0.219,1.095,-0.021,0.012
0.750,1.250,-0.183,1.066,-0.026,-0.003
1.000,1.250,-0.160,1.055,-0.031,0.009
1.250,1.250,-0.161,1.079,-0.029,0.012
1.500,1.250,-0.158,1.098,-0.018,-0.023
1.750,1.250,-0.129,1.083,-0.007,-0.057
2.000,1.250,-0.078,1.054,-0.008,-0.063
2.250,1.250,-0.034,1.035,-0.015,-0.046
2.500,1.250,-0.015,1.036,-0.019,-0.041
2.750,1.250,-0.009,1.036,-0.015,-0.051
3.000,1.250,-0.005,1.031,-0.006,-0.060
3.250,1.250,-0.001,1.022,0.000,-0.064
3.500,1.250,0.004,1.012,0.000,-0.064
3.750,1.250,0.007,1.002,-0.003,-0.060
4.000,1.250,0.010,0.993,-0.006,-0.054
4.250,1.250,0.012,0.985,-0.008,-0.047
4.500,1.250,0.014,0.979,-0.010,-0.039
4.750,1.250,0.015,0.975,-0.011,-0.032
5.000,1.250,0.016,0.973,-0.011,-0.024
5.250,1.250,0.017,0.975,-0.012,-0.016
5.500,1.250,0.016,0.980,-0.013,-0.009
5.750,1.250,0.016,0.987,-0.013,-0.004
6.000,1.250,0.016,0.995,-0.013,-0.003
-2.000,1.500,0.049,0.985,-0.003,0.024
-1.750,1.500,0.055,0.981,-0.004,0.034
-1.500,1.500,0.057,0.980,-0.004,0.043
-1.250,1.500,0.052,0.982,-0.006,0.058
-1.000,1.500,0.038,0.987,-0.007,0.073
-0.750,1.500,0.010,1.000,-0.008,0.086
-0.500,1.500,-0.031,1.019,-0.010,0.094
-0.250,1.500,-0.079,1.042,-0.011,0.089
0.000,1.500,-0.121,1.062,-0.012,0.072
0.250,1.500,-0.145,1.072,-0.013,0.046
0.500,1.500,-0.147,1.069,-0.014,0.022
0.750,1.500,-0.136,1.062,-0.015,0.007
1.000,1.500,-0.124,1.059,-0.017,0.002
1.250,1.500,-0.117,1.064,-0.016,-0.004
1.500,1.500,-0.109,1.069,-0.012,-0.018
1.750,1.500,-0.092,1.064,-0.008,-0.034
2.000,1.500,-0.068,1.052,-0.006,-0.042
2.250,1.500,-0.043,1.040,-0.004,-0.042
2.500,1.500,-0.025,1.034,-0.003,-0.039
2.750,1.500,-0.015,1.029,0.000,-0.039
3.000,1.500,-0.010,1.025,0.002,-0.039
3.250,1.500,-0.006,1.020,0.004,-0.040
3.500,1.500,-0.002,1.013,0.003,-0.040
3.750,1.500,0.002,1.006,0.001,-0.038
4.000,1.500,0.005,1.000,-0.002,-0.035
4.250,1.500,0.007,0.994,-0.003,-0.032
4.500,1.500,0.009,0.990,-0.005,-0.028
4.750,1.500,0.011,0.987,-0.006,-0.024
5.000,1.500,0.013,0.987,-0.006,-0.020
5.250,1.500,0.013,0.988,-0.007,-0.016
5.500,1.500,0.014,0.991,-0.007,-0.012
5.750,1.500,0.014,0.995,-0.007,-0.009
6.000,1.500,0.014,1.000,-0.006,-0.006
