# plane x_cr = 0.30 | grid 33 x 13, y [-0.2,0.2] z [-0.02,0.1], bin-averaged from 6573 vertices | fields %.3f | nondimensional
y_cr,z_cr,u_U,v_U,w_U,cp,omega_x,q_star
-0.194,-0.015,0.911,-0.091,0.371,0.025,-0.065,-6.134
-0.182,-0.015,0.895,-0.120,0.388,0.034,-0.140,-11.540
-0.170,-0.015,0.879,-0.149,0.403,0.042,-0.162,-20.208
-0.158,-0.015,0.854,-0.198,0.431,0.044,-0.378,-43.511
-0.145,-0.015,0.818,-0.270,0.409,0.087,-0.360,-79.301
-0.133,-0.015,0.758,-0.394,0.381,0.120,-0.010,-200.437
-0.121,-0.015,0.504,-0.364,0.217,0.174,-541.411,-102.643
-0.109,-0.015,0.467,-0.287,0.110,0.250,-460.801,-65.462
0.109,-0.015,0.468,0.288,0.110,0.250,458.300,-67.499
0.121,-0.015,0.504,0.364,0.217,0.174,540.603,-101.096
0.133,-0.015,0.758,0.394,0.381,0.119,0.001,-200.122
0.145,-0.015,0.818,0.270,0.409,0.087,0.359,-79.268
0.158,-0.015,0.854,0.198,0.431,0.044,0.379,-43.494
0.170,-0.015,0.879,0.149,0.403,0.042,0.162,-20.200
0.182,-0.015,0.895,0.120,0.388,0.034,0.140,-11.536
0.194,-0.015,0.906,0.100,0.377,0.027,0.089,-7.347
-0.194,-0.006,0.918,-0.079,0.393,-0.003,-0.033,-7.202
-0.182,-0.006,0.904,-0.104,0.420,-0.004,0.043,-14.379
-0.170,-0.006,0.890,-0.130,0.444,-0.005,0.057,-26.410
-0.158,-0.006,0.868,-0.173,0.495,-0.028,-0.274,-59.991
-0.145,-0.006,0.823,-0.264,0.540,-0.044,-0.665,-206.211
-0.133,-0.006,0.700,-0.521,0.595,-0.134,-3.293,-1927.612
-0.121,-0.006,0.411,-0.431,0.359,-0.045,-1272.548,1284.873
0.121,-0.006,0.413,0.427,0.349,-0.032,1217.346,400.047
0.133,-0.006,0.700,0.522,0.590,-0.128,2.099,-1728.953
0.145,-0.006,0.823,0.265,0.540,-0.044,0.681,-206.343
0.158,-0.006,0.868,0.173,0.495,-0.028,0.273,-59.967
0.170,-0.006,0.890,0.131,0.444,-0.005,-0.057,-26.398
0.182,-0.006,0.904,0.104,0.420,-0.004,-0.043,-14.374
0.194,-0.006,0.914,0.086,0.401,-0.003,0.031,-8.528
-0.194,0.003,0.929,-0.059,0.407,-0.033,0.043,-7.600
-0.182,0.003,0.917,-0.079,0.445,-0.046,0.213,-16.070
-0.170,0.003,0.906,-0.099,0.479,-0.061,0.260,-30.327
-0.158,0.003,0.893,-0.123,0.546,-0.112,0.044,-68.489
-0.145,0.003,0.861,-0.185,0.657,-0.215,0.803,-323.355
-0.133,0.003,0.552,-0.422,0.621,-0.712,-838.614,-443071.529
-0.121,0.003,0.787,-0.380,-0.022,-1.163,580.896,-26674.625
-0.109,0.003,0.779,-0.237,0.053,-1.348,115.216,-225.204
-0.097,0.003,0.566,-0.803,0.094,-1.571,689.243,-3520.127
-0.085,0.003,0.593,-1.161,-0.003,-1.775,1781.471,-1113.350
-0.073,0.003,0.652,-1.006,-0.050,-1.278,1770.713,-1002.876
-0.061,0.003,0.745,-0.618,-0.055,-0.585,1076.887,-1098.979
-0.048,0.003,0.797,-0.297,-0.035,-0.305,472.428,-459.843
-0.036,0.003,0.804,-0.147,-0.020,-0.277,208.354,-156.384
-0.024,0.003,0.783,-0.051,-0.008,-0.292,58.190,-35.917
-0.012,0.003,0.747,-0.010,-0.002,-0.305,3.788,-5.074
0.000,0.003,0.722,0.000,0.001,-0.309,0.758,-2.051
0.012,0.003,0.751,0.011,-0.002,-0.305,-5.937,-6.131
0.024,0.003,0.781,0.053,-0.008,-0.293,-61.031,-33.920
0.036,0.003,0.801,0.145,-0.019,-0.278,-204.760,-147.849
0.048,0.003,0.797,0.293,-0.034,-0.305,-463.641,-447.537
0.061,0.003,0.747,0.611,-0.055,-0.579,-1062.842,-1092.809
0.073,0.003,0.654,1.003,-0.050,-1.273,-1768.270,-1012.618
0.085,0.003,0.595,1.162,-0.003,-1.779,-1776.283,-1109.523
0.097,0.003,0.568,0.799,0.095,-1.567,-672.300,-3498.228
0.109,0.003,0.797,0.225,0.046,-1.352,-116.301,-178.990
0.121,0.003,0.757,0.436,-0.018,-1.164,-664.572,-33181.273
0.133,0.003,0.531,0.440,0.645,-0.654,703.791,-612556.108
0.145,0.003,0.862,0.185,0.657,-0.216,-0.764,-322.855
0.158,0.003,0.893,0.123,0.546,-0.112,-0.045,-68.391
0.170,0.003,0.906,0.099,0.479,-0.061,-0.259,-30.312
0.182,0.003,0.917,0.079,0.445,-0.046,-0.213,-16.069
0.194,0.003,0.925,0.065,0.419,-0.037,-0.061,-9.371
-0.194,0.012,0.940,-0.038,0.421,-0.063,0.087,-8.128
-0.182,0.012,0.934,-0.048,0.462,-0.088,0.207,-16.829
-0.170,0.012,0.932,-0.048,0.517,-0.139,0.168,-34.964
-0.158,0.012,0.927,-0.055,0.574,-0.194,0.066,-65.331
-0.145,0.012,0.923,-0.058,0.697,-0.347,0.445,-205.829
-0.133,0.012,0.937,-0.036,0.802,-0.731,-57.462,900.423
-0.121,0.012,0.986,-0.290,0.336,-0.908,-77.272,-958.255
-0.109,0.012,0.955,-0.929,0.436,-1.388,-0.515,-1339.938
-0.097,0.012,0.984,-1.112,0.431,-2.160,-81.714,1719.971
-0.085,0.012,1.021,-1.168,-0.065,-2.381,-94.324,2484.095
-0.073,0.012,1.019,-0.967,-0.390,-1.585,-61.070,18.422
-0.061,0.012,1.058,-0.592,-0.402,-0.728,-21.198,-1016.864
-0.048,0.012,1.112,-0.305,-0.253,-0.365,0.094,-498.007
-0.036,0.012,1.138,-0.174,-0.146,-0.310,3.962,-152.404
-0.024,0.012,1.153,-0.085,-0.070,-0.307,4.861,-29.426
-0.012,0.012,1.157,-0.033,-0.028,-0.311,4.306,-4.828
0.000,0.012,1.154,0.000,-0.011,-0.313,-0.169,-4.277
0.012,0.012,1.158,0.032,-0.029,-0.311,-4.234,-4.660
0.024,0.012,1.154,0.084,-0.069,-0.307,-4.590,-30.081
0.036,0.012,1.139,0.173,-0.143,-0.310,-3.850,-150.555
0.048,0.012,1.114,0.302,-0.250,-0.364,-0.137,-488.667
0.061,0.012,1.060,0.587,-0.401,-0.719,20.504,-1016.138
0.073,0.012,1.021,0.965,-0.391,-1.576,59.779,-25.979
0.085,0.012,1.020,1.163,-0.086,-2.380,94.631,2461.044
0.097,0.012,0.974,1.132,0.412,-2.172,82.667,1848.015
0.109,0.012,0.954,0.921,0.399,-1.374,-4.423,-1234.695
0.121,0.012,0.981,0.286,0.344,-0.898,71.324,-770.176
0.133,0.012,0.933,0.038,0.811,-0.677,39.368,513.714
0.145,0.012,0.924,0.058,0.697,-0.346,-0.408,-201.835
0.158,0.012,0.927,0.055,0.574,-0.194,-0.061,-65.106
0.170,0.012,0.932,0.049,0.517,-0.139,-0.167,-34.933
0.182,0.012,0.934,0.048,0.462,-0.088,-0.207,-16.830
0.194,0.012,0.938,0.041,0.432,-0.070,-0.102,-9.775
-0.194,0.022,0.954,-0.014,0.423,-0.090,0.035,-7.891
-0.182,0.022,0.952,-0.014,0.468,-0.126,0.098,-16.334
-0.170,0.022,0.958,0.001,0.517,-0.186,0.082,-30.823
-0.158,0.022,0.961,0.013,0.571,-0.251,0.053,-52.929
-0.145,0.022,0.973,0.046,0.667,-0.397,0.243,-119.807
-0.133,0.022,0.996,0.109,0.786,-0.631,-6.878,-110.159
-0.121,0.022,1.014,0.044,0.708,-0.872,-47.546,-169.103
-0.109,0.022,1.175,-0.280,0.667,-1.475,-63.009,-322.060
-0.097,0.022,1.274,-0.402,0.536,-2.464,-117.490,3269.570
-0.085,0.022,1.298,-0.588,-0.054,-2.797,-138.772,4822.519
-0.073,0.022,1.274,-0.295,-0.584,-1.830,-85.756,1259.610
-0.061,0.022,1.170,-0.212,-0.579,-0.903,-28.171,-475.828
-0.048,0.022,1.152,-0.140,-0.361,-0.451,1.696,-341.619
-0.036,0.022,1.151,-0.107,-0.202,-0.356,4.433,-99.752
-0.024,0.022,1.151,-0.072,-0.109,-0.330,2.957,-25.054
-0.012,0.022,1.150,-0.038,-0.058,-0.322,1.813,-9.970
0.000,0.022,1.150,0.000,-0.041,-0.320,0.017,-9.288
0.012,0.022,1.150,0.038,-0.058,-0.322,-1.864,-9.277
0.024,0.022,1.151,0.078,-0.115,-0.330,-3.292,-27.829
0.036,0.022,1.151,0.107,-0.208,-0.359,-4.483,-103.635
0.048,0.022,1.152,0.140,-0.357,-0.449,-2.010,-335.290
0.061,0.022,1.170,0.201,-0.575,-0.870,25.587,-499.434
0.073,0.022,1.269,0.323,-0.575,-1.855,87.587,1363.594
0.085,0.022,1.293,0.596,-0.072,-2.787,136.574,4710.464
0.097,0.022,1.279,0.402,0.532,-2.482,118.397,3373.121
0.109,0.022,1.175,0.283,0.676,-1.486,62.944,-281.650
0.121,0.022,1.016,-0.037,0.705,-0.870,45.742,-231.073
0.133,0.022,0.996,-0.108,0.785,-0.632,7.526,-96.622
0.145,0.022,0.973,-0.045,0.667,-0.398,-0.255,-119.955
0.158,0.022,0.961,-0.013,0.571,-0.252,-0.053,-52.797
0.170,0.022,0.958,-0.001,0.517,-0.186,-0.082,-30.802
0.182,0.022,0.952,0.014,0.468,-0.126,-0.098,-16.336
0.194,0.022,0.953,0.014,0.437,-0.101,-0.019,-9.729
-0.194,0.031,0.967,0.010,0.424,-0.116,0.001,-7.713
-0.182,0.031,0.970,0.020,0.463,-0.157,-0.006,-14.581
-0.170,0.031,0.981,0.044,0.502,-0.216,-0.096,-25.014
-0.158,0.031,0.989,0.068,0.547,-0.285,0.151,-41.386
-0.145,0.031,1.009,0.118,0.615,-0.414,0.047,-81.964
-0.133,0.031,1.040,0.202,0.700,-0.613,0.602,-175.146
-0.121,0.031,1.070,0.300,0.762,-0.879,-13.863,-104.459
-0.109,0.031,1.206,0.320,0.698,-1.436,-55.467,465.082
-0.097,0.031,1.424,0.359,0.461,-2.139,-89.214,1812.151
-0.085,0.031,1.486,0.389,-0.086,-2.255,-98.568,2362.954
-0.073,0.031,1.355,0.288,-0.512,-1.558,-57.697,431.804
-0.061,0.031,1.232,0.123,-0.512,-0.838,-13.870,-432.813
-0.048,0.031,1.181,0.003,-0.334,-0.487,3.112,-245.361
-0.036,0.031,1.164,-0.034,-0.209,-0.391,2.701,-83.162
-0.024,0.031,1.155,-0.036,-0.122,-0.348,0.890,-23.566
-0.012,0.031,1.152,-0.021,-0.078,-0.333,0.366,-7.220
0.000,0.031,1.151,0.000,-0.060,-0.327,0.012,-5.490
0.012,0.031,1.152,0.021,-0.077,-0.333,-0.367,-7.094
0.024,0.031,1.155,0.036,-0.122,-0.348,-0.894,-23.060
0.036,0.031,1.164,0.034,-0.207,-0.391,-2.645,-81.110
0.048,0.031,1.181,0.000,-0.332,-0.485,-3.314,-241.820
0.061,0.031,1.230,-0.119,-0.513,-0.833,13.731,-433.370
0.073,0.031,1.352,-0.285,-0.512,-1.550,57.802,432.371
0.085,0.031,1.484,-0.389,-0.090,-2.249,97.892,2326.933
0.097,0.031,1.425,-0.360,0.453,-2.148,89.735,1839.748
0.109,0.031,1.205,-0.315,0.700,-1.447,56.148,489.108
0.121,0.031,1.070,-0.295,0.763,-0.881,14.379,-102.356
0.133,0.031,1.040,-0.201,0.701,-0.613,-0.565,-173.016
0.145,0.031,1.009,-0.117,0.616,-0.414,-0.058,-81.920
0.158,0.031,0.989,-0.067,0.547,-0.285,-0.152,-41.364
0.170,0.031,0.981,-0.043,0.502,-0.216,0.095,-25.018
0.182,0.031,0.970,-0.020,0.463,-0.157,0.005,-14.587
0.194,0.031,0.968,-0.012,0.435,-0.127,0.016,-9.094
-0.194,0.040,0.980,0.031,0.414,-0.133,-0.001,-6.674
-0.182,0.040,0.987,0.049,0.450,-0.179,-0.037,-12.494
-0.170,0.040,0.996,0.071,0.484,-0.231,-0.125,-20.511
-0.158,0.040,1.007,0.101,0.521,-0.297,0.145,-34.277
-0.145,0.040,1.029,0.156,0.570,-0.412,-0.137,-64.498
-0.133,0.040,1.064,0.244,0.622,-0.580,0.224,-137.974
-0.121,0.040,1.107,0.363,0.662,-0.790,-0.413,-269.653
-0.109,0.040,1.190,0.548,0.615,-1.198,-22.487,-78.881
-0.097,0.040,1.326,0.673,0.367,-1.618,-48.423,375.797
-0.085,0.040,1.383,0.668,-0.057,-1.636,-47.308,260.904
-0.073,0.040,1.320,0.490,-0.370,-1.199,-22.867,-342.277
-0.061,0.040,1.243,0.245,-0.385,-0.740,-2.056,-408.689
-0.048,0.040,1.192,0.074,-0.270,-0.488,2.579,-170.090
-0.036,0.040,1.171,0.017,-0.186,-0.403,0.962,-61.341
-0.024,0.040,1.159,-0.005,-0.120,-0.357,0.150,-18.563
-0.012,0.040,1.154,-0.006,-0.082,-0.338,0.077,-4.457
0.000,0.040,1.153,0.000,-0.069,-0.334,0.001,-2.052
0.012,0.040,1.154,0.006,-0.081,-0.338,-0.077,-4.390
0.024,0.040,1.159,0.005,-0.120,-0.357,-0.147,-18.334
0.036,0.040,1.170,-0.016,-0.185,-0.402,-0.918,-60.369
0.048,0.040,1.191,-0.072,-0.269,-0.486,-2.545,-168.632
0.061,0.040,1.241,-0.242,-0.386,-0.736,2.253,-410.522
0.073,0.040,1.318,-0.487,-0.370,-1.195,23.290,-334.093
0.085,0.040,1.383,-0.666,-0.060,-1.633,46.746,247.350
0.097,0.040,1.327,-0.673,0.360,-1.623,48.586,382.130
0.109,0.040,1.188,-0.548,0.615,-1.206,23.649,-62.218
0.121,0.040,1.106,-0.363,0.665,-0.793,0.756,-268.875
0.133,0.040,1.063,-0.244,0.623,-0.581,-0.254,-139.601
0.145,0.040,1.029,-0.156,0.570,-0.412,0.134,-64.594
0.158,0.040,1.007,-0.100,0.521,-0.298,-0.145,-34.305
0.170,0.040,0.996,-0.071,0.484,-0.231,0.124,-20.527
0.182,0.040,0.987,-0.048,0.450,-0.179,0.037,-12.502
0.194,0.040,0.982,-0.037,0.427,-0.148,0.023,-7.997
-0.194,0.049,0.992,0.050,0.405,-0.151,0.005,-5.940
-0.182,0.049,1.001,0.071,0.432,-0.194,-0.032,-10.309
-0.170,0.049,1.009,0.092,0.464,-0.241,-0.119,-17.235
-0.158,0.049,1.021,0.124,0.490,-0.300,0.129,-27.839
-0.145,0.049,1.045,0.180,0.523,-0.400,-0.179,-50.490
-0.133,0.049,1.079,0.263,0.548,-0.537,-0.203,-97.639
-0.121,0.049,1.119,0.361,0.552,-0.689,0.341,-192.655
-0.109,0.049,1.188,0.528,0.491,-0.936,-2.767,-322.114
-0.097,0.049,1.264,0.663,0.295,-1.157,-11.669,-323.301
-0.085,0.049,1.303,0.643,-0.003,-1.147,-10.943,-387.926
-0.073,0.049,1.282,0.473,-0.219,-0.906,-2.520,-436.575
-0.061,0.049,1.232,0.260,-0.253,-0.642,1.708,-274.949
-0.048,0.049,1.192,0.113,-0.202,-0.473,0.877,-102.238
-0.036,0.049,1.173,0.055,-0.153,-0.403,0.099,-42.543
-0.024,0.049,1.161,0.021,-0.107,-0.360,-0.029,-14.562
-0.012,0.049,1.155,0.006,-0.078,-0.341,0.068,-3.571
0.000,0.049,1.153,0.000,-0.066,-0.335,0.000,-1.490
0.012,0.049,1.155,-0.006,-0.078,-0.340,-0.069,-3.522
0.024,0.049,1.161,-0.021,-0.107,-0.360,0.028,-14.420
0.036,0.049,1.173,-0.055,-0.153,-0.402,-0.089,-42.193
0.048,0.049,1.191,-0.112,-0.202,-0.471,-0.818,-101.872
0.061,0.049,1.231,-0.259,-0.254,-0.639,-1.585,-276.328
0.073,0.049,1.281,-0.472,-0.220,-0.904,2.751,-432.055
0.085,0.049,1.303,-0.641,-0.005,-1.147,10.904,-382.776
0.097,0.049,1.264,-0.664,0.291,-1.161,11.812,-318.267
0.109,0.049,1.188,-0.531,0.491,-0.940,3.211,-322.870
0.121,0.049,1.119,-0.362,0.554,-0.691,-0.339,-195.972
0.133,0.049,1.079,-0.263,0.549,-0.538,0.200,-98.669
0.145,0.049,1.045,-0.180,0.523,-0.400,0.178,-50.673
0.158,0.049,1.021,-0.123,0.490,-0.300,-0.130,-27.889
0.170,0.049,1.009,-0.092,0.464,-0.242,0.119,-17.258
0.182,0.049,1.001,-0.071,0.432,-0.194,0.032,-10.319
0.194,0.049,0.994,-0.056,0.413,-0.162,-0.014,-6.833
-0.194,0.058,1.001,0.063,0.389,-0.157,-0.003,-4.862
-0.182,0.058,1.012,0.088,0.410,-0.201,-0.058,-8.341
-0.170,0.058,1.023,0.112,0.434,-0.247,-0.079,-13.910
-0.158,0.058,1.036,0.142,0.449,-0.295,0.134,-20.598
-0.145,0.058,1.059,0.196,0.463,-0.376,-0.152,-35.124
-0.133,0.058,1.090,0.265,0.463,-0.476,-0.071,-61.185
-0.121,0.058,1.123,0.335,0.443,-0.572,-0.182,-96.949
-0.109,0.058,1.172,0.429,0.368,-0.694,0.759,-176.863
-0.097,0.058,1.218,0.498,0.232,-0.780,1.990,-258.044
-0.085,0.058,1.241,0.475,0.058,-0.766,2.196,-272.357
-0.073,0.058,1.234,0.371,-0.076,-0.664,1.649,-206.938
-0.061,0.058,1.209,0.243,-0.126,-0.539,0.380,-115.181
-0.048,0.058,1.185,0.141,-0.125,-0.441,-0.151,-53.554
-0.036,0.058,1.171,0.087,-0.106,-0.391,-0.091,-27.929
-0.024,0.058,1.160,0.045,-0.082,-0.356,0.002,-11.806
-0.012,0.058,1.154,0.018,-0.064,-0.338,0.200,-4.387
0.000,0.058,1.152,0.000,-0.053,-0.331,0.000,-2.699
0.012,0.058,1.154,-0.018,-0.064,-0.338,-0.200,-4.354
0.024,0.058,1.160,-0.044,-0.082,-0.356,-0.003,-11.731
0.036,0.058,1.171,-0.087,-0.106,-0.391,0.089,-27.821
0.048,0.058,1.185,-0.141,-0.125,-0.440,0.161,-53.510
0.061,0.058,1.209,-0.243,-0.126,-0.538,-0.380,-115.365
0.073,0.058,1.234,-0.371,-0.076,-0.663,-1.694,-206.827
0.085,0.058,1.241,-0.475,0.057,-0.766,-2.183,-271.282
0.097,0.058,1.219,-0.499,0.230,-0.781,-2.001,-259.000
0.109,0.058,1.172,-0.431,0.368,-0.696,-0.795,-180.091
0.121,0.058,1.123,-0.336,0.443,-0.572,0.175,-98.418
0.133,0.058,1.090,-0.265,0.463,-0.476,0.074,-61.699
0.145,0.058,1.058,-0.196,0.463,-0.376,0.153,-35.290
0.158,0.058,1.036,-0.142,0.449,-0.296,-0.135,-20.649
0.170,0.058,1.023,-0.112,0.434,-0.247,0.079,-13.934
0.182,0.058,1.012,-0.088,0.410,-0.201,0.058,-8.352
0.194,0.058,1.004,-0.071,0.397,-0.172,0.013,-5.683
-0.194,0.068,1.010,0.075,0.375,-0.166,-0.048,-4.137
-0.182,0.068,1.021,0.099,0.388,-0.203,-0.072,-6.638
-0.170,0.068,1.032,0.124,0.404,-0.245,-0.063,-10.682
-0.158,0.068,1.045,0.151,0.410,-0.284,0.071,-14.874
-0.145,0.068,1.067,0.197,0.411,-0.347,-0.092,-23.926
-0.133,0.068,1.093,0.250,0.397,-0.419,-0.001,-37.271
-0.121,0.068,1.119,0.298,0.370,-0.479,-0.033,-53.163
-0.109,0.068,1.153,0.351,0.302,-0.547,-0.033,-76.798
-0.097,0.068,1.183,0.380,0.205,-0.587,0.423,-96.443
-0.085,0.068,1.198,0.361,0.095,-0.578,0.323,-99.297
-0.073,0.068,1.199,0.300,0.003,-0.530,0.103,-80.607
-0.061,0.068,1.188,0.221,-0.046,-0.464,-0.119,-54.585
-0.048,0.068,1.174,0.147,-0.063,-0.406,-0.085,-32.363
-0.036,0.068,1.165,0.100,-0.061,-0.371,-0.047,-19.910
-0.024,0.068,1.156,0.056,-0.051,-0.344,0.092,-10.735
-0.012,0.068,1.151,0.024,-0.041,-0.329,0.070,-5.787
0.000,0.068,1.149,0.000,-0.035,-0.323,-0.001,-4.141
0.012,0.068,1.151,-0.024,-0.041,-0.329,-0.070,-5.763
0.024,0.068,1.156,-0.056,-0.051,-0.344,-0.093,-10.694
0.036,0.068,1.165,-0.099,-0.061,-0.371,0.046,-19.859
0.048,0.068,1.174,-0.146,-0.063,-0.405,0.085,-32.325
0.061,0.068,1.188,-0.220,-0.047,-0.463,0.116,-54.531
0.073,0.068,1.199,-0.300,0.003,-0.529,-0.113,-80.610
0.085,0.068,1.198,-0.361,0.094,-0.578,-0.329,-99.561
0.097,0.068,1.183,-0.381,0.204,-0.588,-0.429,-97.073
0.109,0.068,1.153,-0.352,0.302,-0.548,0.026,-77.537
0.121,0.068,1.119,-0.298,0.370,-0.480,0.033,-53.625
0.133,0.068,1.093,-0.250,0.398,-0.419,0.001,-37.528
0.145,0.068,1.067,-0.197,0.411,-0.348,0.093,-24.033
0.158,0.068,1.045,-0.151,0.410,-0.284,-0.071,-14.913
0.170,0.068,1.032,-0.124,0.404,-0.245,0.062,-10.702
0.182,0.068,1.021,-0.099,0.388,-0.203,0.072,-6.648
0.194,0.068,1.013,-0.082,0.379,-0.176,0.064,-4.686
-0.194,0.077,1.015,0.081,0.358,-0.165,-0.044,-3.355
-0.182,0.077,1.028,0.105,0.366,-0.202,-0.075,-5.176
-0.170,0.077,1.038,0.124,0.369,-0.229,-0.072,-7.177
-0.158,0.077,1.051,0.152,0.376,-0.270,0.060,-10.675
-0.145,0.077,1.070,0.189,0.369,-0.319,-0.057,-16.173
-0.133,0.077,1.092,0.229,0.349,-0.370,0.037,-23.139
-0.121,0.077,1.112,0.261,0.321,-0.410,-0.017,-30.769
-0.109,0.077,1.137,0.293,0.265,-0.451,-0.017,-40.241
-0.097,0.077,1.158,0.306,0.194,-0.474,0.224,-46.164
-0.085,0.077,1.170,0.290,0.117,-0.469,0.058,-46.954
-0.073,0.077,1.174,0.250,0.051,-0.444,0.069,-40.707
-0.061,0.077,1.169,0.195,0.008,-0.407,-0.047,-30.888
-0.048,0.077,1.162,0.140,-0.015,-0.372,-0.007,-21.142
-0.036,0.077,1.156,0.101,-0.020,-0.349,-0.003,-14.933
-0.024,0.077,1.150,0.060,-0.020,-0.329,0.060,-9.614
-0.012,0.077,1.145,0.023,-0.012,-0.313,-0.181,-5.920
0.000,0.077,1.145,0.000,-0.013,-0.311,-0.001,-5.457
0.012,0.077,1.145,-0.022,-0.012,-0.313,0.180,-5.912
0.024,0.077,1.149,-0.060,-0.020,-0.329,-0.059,-9.591
0.036,0.077,1.156,-0.101,-0.021,-0.348,0.003,-14.907
0.048,0.077,1.162,-0.140,-0.015,-0.371,0.008,-21.120
0.061,0.077,1.169,-0.195,0.007,-0.407,0.047,-30.874
0.073,0.077,1.173,-0.250,0.050,-0.444,-0.067,-40.731
0.085,0.077,1.170,-0.290,0.116,-0.469,-0.057,-47.074
0.097,0.077,1.158,-0.306,0.193,-0.474,-0.226,-46.382
0.109,0.077,1.137,-0.293,0.264,-0.451,0.017,-40.485
0.121,0.077,1.112,-0.261,0.321,-0.410,0.016,-30.955
0.133,0.077,1.092,-0.229,0.349,-0.370,-0.036,-23.258
0.145,0.077,1.070,-0.189,0.369,-0.319,0.058,-16.235
0.158,0.077,1.051,-0.152,0.376,-0.270,-0.060,-10.704
0.170,0.077,1.038,-0.124,0.369,-0.229,0.072,-7.191
0.182,0.077,1.028,-0.105,0.366,-0.202,0.075,-5.183
0.194,0.077,1.019,-0.089,0.362,-0.178,0.066,-3.818
-0.194,0.086,1.021,0.087,0.343,-0.168,-0.036,-2.768
-0.182,0.086,1.032,0.107,0.346,-0.198,-0.107,-4.044
-0.170,0.086,1.042,0.124,0.345,-0.221,-0.092,-5.357
-0.158,0.086,1.055,0.149,0.347,-0.256,-0.008,-7.870
-0.145,0.086,1.071,0.176,0.335,-0.292,-0.026,-10.774
-0.133,0.086,1.089,0.206,0.314,-0.330,0.028,-14.753
-0.121,0.086,1.105,0.228,0.288,-0.358,-0.032,-18.871
-0.109,0.086,1.124,0.247,0.242,-0.385,0.039,-22.943
-0.097,0.086,1.140,0.252,0.188,-0.400,0.141,-25.352
-0.085,0.086,1.150,0.239,0.132,-0.398,0.051,-25.764
-0.073,0.086,1.154,0.210,0.082,-0.385,0.074,-23.149
-0.061,0.086,1.153,0.171,0.046,-0.363,-0.017,-18.978
-0.048,0.086,1.149,0.128,0.023,-0.341,0.010,-14.390
-0.036,0.086,1.146,0.096,0.014,-0.326,-0.001,-11.284
-0.024,0.086,1.143,0.059,0.009,-0.311,-0.200,-7.526
-0.012,0.086,1.139,0.024,0.011,-0.299,-0.142,-5.998
0.000,0.086,1.139,0.000,0.011,-0.297,0.000,-5.962
0.012,0.086,1.139,-0.023,0.011,-0.299,0.142,-5.996
0.024,0.086,1.142,-0.059,0.009,-0.311,0.201,-7.514
0.036,0.086,1.146,-0.095,0.014,-0.325,0.002,-11.271
0.048,0.086,1.149,-0.128,0.023,-0.341,-0.010,-14.381
0.061,0.086,1.153,-0.171,0.045,-0.363,0.018,-18.980
0.073,0.086,1.154,-0.210,0.081,-0.384,-0.074,-23.177
0.085,0.086,1.150,-0.239,0.131,-0.398,-0.051,-25.827
0.097,0.086,1.140,-0.253,0.188,-0.400,-0.142,-25.446
0.109,0.086,1.124,-0.247,0.242,-0.385,-0.039,-23.046
0.121,0.086,1.105,-0.228,0.288,-0.358,0.032,-18.952
0.133,0.086,1.089,-0.206,0.314,-0.330,-0.028,-14.811
0.145,0.086,1.071,-0.176,0.335,-0.292,0.026,-10.809
0.158,0.086,1.055,-0.149,0.347,-0.256,0.008,-7.890
0.170,0.086,1.042,-0.124,0.345,-0.221,0.092,-5.368
0.182,0.086,1.032,-0.107,0.346,-0.198,0.107,-4.050
0.194,0.086,1.024,-0.093,0.345,-0.177,0.055,-3.051
-0.145,0.095,1.071,0.168,0.316,-0.275,-0.040,-8.081
-0.133,0.095,1.086,0.190,0.294,-0.305,-0.072,-10.626
-0.121,0.095,1.100,0.206,0.270,-0.326,-0.079,-13.147
-0.109,0.095,1.115,0.219,0.231,-0.347,0.038,-15.516
-0.097,0.095,1.128,0.221,0.186,-0.359,0.070,-16.874
-0.085,0.095,1.137,0.209,0.140,-0.359,0.026,-17.107
-0.073,0.095,1.142,0.186,0.099,-0.350,0.022,-15.710
-0.061,0.095,1.142,0.154,0.068,-0.336,-0.026,-13.475
-0.048,0.095,1.141,0.119,0.046,-0.320,-0.048,-10.735
-0.036,0.095,1.139,0.091,0.036,-0.309,-0.131,-8.259
-0.024,0.095,1.138,0.072,0.031,-0.303,-0.363,-6.833
0.024,0.095,1.138,-0.072,0.031,-0.302,0.364,-6.828
0.036,0.095,1.139,-0.090,0.036,-0.309,0.133,-8.251
0.048,0.095,1.141,-0.118,0.046,-0.320,0.049,-10.732
0.061,0.095,1.142,-0.154,0.067,-0.336,0.026,-13.479
0.073,0.095,1.142,-0.186,0.099,-0.350,-0.021,-15.728
0.085,0.095,1.137,-0.209,0.140,-0.359,-0.025,-17.144
0.097,0.095,1.128,-0.221,0.186,-0.358,-0.070,-16.924
0.109,0.095,1.115,-0.219,0.230,-0.347,-0.038,-15.571
0.121,0.095,1.100,-0.206,0.270,-0.326,0.079,-13.193
0.133,0.095,1.086,-0.190,0.294,-0.305,0.072,-10.661
0.145,0.095,1.071,-0.168,0.316,-0.275,0.041,-8.105
