# samples.csv | importance-weighted volumetric sample | jet_r2_re100
# field grad_vel_mag, alpha 1, N 800 of 436390 cells, seed 42 | p_i ~ Volume*grad_vel_mag^alpha, no replacement
# vol_weight: per-sample volume share, self-normalized so sum(vol_weight) = domain volume; sum(f*vol_weight) estimates the volume integral of f | fields %.3f, vol_weight %.2e | nondimensional
x_D,y_D,z_D,u_U,v_U,w_U,cp,jet_tracer,vol_weight
-4.750,-4.750,0.070,0.690,-0.000,0.085,0.659,0.000,1.12e-01
-4.750,-4.250,0.020,0.299,-0.000,0.074,0.667,0.000,4.60e-02
-4.750,-2.750,0.300,1.065,-0.002,0.120,0.505,0.000,6.91e-01
-4.750,-1.750,0.750,1.024,-0.002,0.037,0.412,-0.000,4.73e+00
-4.750,-1.250,0.020,0.299,-0.001,0.074,0.703,-0.000,4.60e-02
-4.750,-0.250,0.750,1.023,-0.000,0.037,0.426,-0.000,4.79e+00
-4.750,1.750,0.070,0.691,0.001,0.085,0.690,-0.000,1.12e-01
-4.750,2.250,0.020,0.299,0.001,0.074,0.689,-0.000,4.60e-02
-4.750,2.250,0.070,0.691,0.002,0.085,0.683,-0.000,1.12e-01
-4.750,2.250,0.750,1.024,0.002,0.037,0.405,-0.000,4.70e+00
-4.750,2.750,1.250,1.005,0.001,0.014,0.328,-0.000,1.41e+01
-4.750,0.750,0.070,0.690,0.001,0.085,0.702,-0.000,1.12e-01
-4.750,2.750,0.020,0.299,0.001,0.074,0.682,0.000,4.60e-02
-4.750,3.750,0.070,0.691,0.001,0.085,0.664,0.000,1.12e-01
-4.250,-4.750,0.020,0.106,-0.000,0.003,0.170,-0.000,1.06e-01
-4.250,-4.250,0.020,0.106,-0.000,0.003,0.171,-0.000,1.06e-01
-4.250,-3.250,0.070,0.345,-0.003,0.009,0.190,-0.000,1.35e-01
-4.250,-3.250,0.300,1.063,-0.004,0.080,0.254,-0.000,3.43e-01
-4.250,-1.250,0.300,1.061,-0.004,0.080,0.283,0.000,3.43e-01
-4.250,1.250,0.300,1.061,0.004,0.080,0.283,0.000,3.43e-01
-4.250,1.750,0.300,1.062,0.005,0.080,0.275,0.000,3.43e-01
-4.250,2.750,0.300,1.063,0.005,0.080,0.260,-0.000,3.43e-01
-4.250,3.250,0.020,0.106,0.001,0.003,0.179,-0.000,1.07e-01
-4.250,3.750,0.300,1.064,0.003,0.080,0.248,-0.000,3.43e-01
-4.250,4.750,0.020,0.106,0.000,0.003,0.170,-0.000,1.06e-01
-4.250,3.750,0.020,0.106,0.001,0.003,0.174,-0.000,1.07e-01
-4.250,4.750,0.070,0.346,0.000,0.009,0.180,-0.000,1.35e-01
-3.750,-4.250,0.300,1.017,-0.003,0.034,0.211,0.000,3.00e-01
-3.750,-3.250,0.300,1.016,-0.007,0.035,0.221,0.000,2.99e-01
-3.750,-3.250,0.750,1.088,-0.007,0.033,0.258,0.000,1.29e+01
-3.750,-1.750,0.300,1.010,-0.009,0.037,0.248,0.000,2.99e-01
-3.750,-1.250,0.300,1.009,-0.008,0.036,0.257,-0.000,3.01e-01
-3.750,-0.750,0.300,1.007,-0.005,0.036,0.265,-0.000,3.01e-01
-3.750,0.250,0.300,1.006,0.002,0.034,0.269,-0.000,3.01e-01
-3.750,0.750,2.750,1.002,0.003,0.017,0.274,-0.000,1.27e+02
-3.750,1.750,0.300,1.011,0.009,0.037,0.247,-0.000,2.99e-01
-3.750,2.250,0.300,1.013,0.009,0.036,0.237,0.000,3.00e-01
-3.750,2.750,0.300,1.015,0.008,0.036,0.228,0.000,2.99e-01
-3.750,-4.750,0.300,1.017,-0.001,0.034,0.208,0.000,3.00e-01
-3.750,3.250,0.020,0.063,0.001,-0.000,0.177,0.000,1.67e-01
-3.750,3.750,0.300,1.017,0.005,0.036,0.214,0.000,2.99e-01
-3.250,-2.750,0.300,0.963,-0.013,0.017,0.256,0.000,3.04e-01
-3.250,3.250,0.300,0.966,0.011,0.016,0.245,-0.000,3.04e-01
-3.250,-1.750,0.070,0.211,-0.007,-0.001,0.268,0.000,1.71e-01
-3.250,-0.250,0.070,0.214,-0.001,-0.003,0.295,0.000,1.71e-01
-3.250,-4.250,0.070,0.216,-0.002,-0.001,0.221,-0.000,1.68e-01
-3.250,-2.250,0.020,0.059,-0.003,-0.001,0.253,0.000,1.79e-01
-3.250,1.250,0.300,0.952,0.013,0.018,0.293,0.000,3.06e-01
-2.750,-4.250,0.020,0.064,-0.001,-0.000,0.226,0.000,1.70e-01
-2.750,-4.250,0.300,0.934,-0.006,0.012,0.230,0.000,3.11e-01
-2.750,-2.250,0.300,0.919,-0.023,0.012,0.276,-0.000,3.32e-01
-2.750,-2.250,0.750,1.084,-0.021,0.039,0.256,0.000,4.01e+00
-2.750,-1.750,0.300,0.910,-0.026,0.013,0.295,0.000,3.43e-01
-2.750,1.250,0.300,0.905,0.022,0.013,0.310,-0.000,3.33e-01
-2.750,2.250,0.300,0.919,0.022,0.011,0.275,0.000,3.32e-01
-2.750,2.750,0.300,0.924,0.020,0.010,0.260,0.000,3.31e-01
-2.750,4.250,0.300,0.933,0.006,0.012,0.230,0.000,3.11e-01
-2.750,1.750,0.070,0.229,0.012,-0.001,0.281,-0.000,1.72e-01
-2.750,4.250,0.020,0.064,0.001,-0.000,0.226,0.000,1.70e-01
-2.625,-0.625,0.175,0.711,-0.015,0.015,0.363,0.000,2.06e-01
-2.375,0.375,0.375,0.927,0.016,0.040,0.340,-0.000,5.93e-01
-2.375,2.625,0.375,0.964,0.027,0.017,0.244,0.000,6.78e-01
-2.375,2.625,2.875,1.015,0.017,0.021,0.229,-0.000,3.70e+01
-2.375,-2.625,0.175,0.737,-0.024,0.007,0.257,-0.000,2.02e-01
-2.375,-1.375,0.175,0.676,-0.039,0.017,0.312,-0.000,2.12e-01
-2.375,2.625,0.175,0.737,0.023,0.007,0.258,0.000,2.02e-01
-2.250,-4.250,0.020,0.065,-0.001,-0.000,0.206,-0.000,1.69e-01
-2.250,-4.250,0.300,0.905,-0.008,0.013,0.209,-0.000,3.16e-01
-2.250,-3.250,0.300,0.900,-0.024,0.015,0.224,-0.000,3.28e-01
-2.250,3.750,1.750,1.042,0.012,0.024,0.210,0.000,1.27e+01
-2.250,4.250,0.300,0.905,0.008,0.013,0.209,-0.000,3.16e-01
-2.187,2.313,0.070,0.291,0.017,-0.003,0.266,0.000,1.31e-01
-1.937,-1.188,0.175,0.590,-0.043,0.016,0.285,0.000,2.06e-01
-1.875,-2.875,0.020,0.085,-0.006,-0.000,0.217,0.000,1.30e-01
-1.812,1.688,0.020,0.083,0.009,0.000,0.254,0.000,1.33e-01
-1.812,1.812,0.070,0.280,0.024,0.003,0.248,0.000,1.44e-01
-1.687,-2.312,0.175,0.641,-0.036,0.015,0.211,0.000,2.06e-01
-1.687,-2.188,0.175,0.640,-0.038,0.015,0.214,0.000,2.06e-01
-1.562,-2.563,0.070,0.269,-0.016,0.003,0.188,0.000,1.50e-01
-1.562,2.062,0.020,0.081,0.008,0.000,0.203,0.000,1.37e-01
-1.562,-2.312,0.688,1.095,-0.040,0.039,0.199,-0.000,3.38e+00
-1.562,0.688,0.438,0.922,0.052,0.040,0.326,0.000,6.51e-01
-1.437,2.438,1.063,1.096,0.038,0.033,0.194,-0.000,6.01e+00
-1.375,-2.875,0.375,0.938,-0.038,0.031,0.167,-0.000,4.74e-01
-1.312,2.438,0.175,0.596,0.036,0.012,0.165,0.000,2.09e-01
-1.250,-3.250,0.300,0.852,-0.029,0.013,0.156,-0.000,3.19e-01
-1.250,0.750,7.250,1.010,0.003,0.007,0.196,-0.000,1.02e+02
-1.250,4.250,0.750,1.104,0.010,0.031,0.158,-0.000,2.03e+00
-1.250,4.750,0.300,0.852,0.003,0.011,0.160,0.000,3.20e-01
-1.187,-2.062,0.070,0.254,-0.022,0.002,0.153,0.000,1.60e-01
-1.187,0.562,5.563,1.007,0.005,0.024,0.214,-0.000,9.62e+01
-1.187,1.938,0.313,0.848,0.058,0.025,0.163,0.000,3.59e-01
-1.187,2.688,0.175,0.582,0.031,0.011,0.149,0.000,2.09e-01
-1.125,2.875,0.070,0.242,0.011,0.002,0.142,0.000,1.65e-01
-1.094,-0.531,0.070,0.163,-0.083,-0.001,0.329,0.000,2.21e-01
-1.094,-0.219,0.531,0.894,-0.045,0.016,0.453,0.000,7.83e-01
-1.031,-0.844,0.281,0.691,-0.123,0.006,0.252,0.000,3.04e-01
-0.844,-1.156,0.156,0.485,-0.113,0.001,0.146,0.000,2.23e-01
-0.844,0.594,0.156,0.390,0.180,-0.009,0.295,0.001,2.54e-01
-0.750,3.750,0.300,0.835,0.014,0.009,0.128,0.000,3.21e-01
-0.750,-3.750,0.750,1.112,-0.016,0.028,0.129,0.000,1.80e+00
-0.750,4.250,1.250,1.100,0.010,0.022,0.142,-0.000,1.26e+01
-0.656,0.656,0.344,0.781,0.219,-0.046,0.233,0.000,4.23e-01
-0.562,-2.688,0.313,0.822,-0.031,0.014,0.086,0.000,3.23e-01
-0.562,-1.686,0.020,0.082,-0.006,-0.000,0.051,0.000,1.38e-01
-0.469,-0.031,1.344,0.692,-0.020,0.137,0.892,0.000,8.16e-01
-0.469,0.344,0.531,0.656,0.389,-0.133,0.646,0.007,4.03e-01
-0.437,-1.938,4.438,1.018,-0.031,0.030,0.200,-0.000,3.27e+01
-0.437,-1.688,0.313,0.851,-0.071,-0.000,0.029,0.000,3.40e-01
-0.406,-0.344,0.906,0.714,-0.333,0.028,0.802,0.001,5.12e-01
-0.406,-0.094,0.219,0.080,-0.143,0.986,0.723,0.875,4.30e-02
-0.406,-0.031,1.406,0.662,-0.022,0.160,0.920,0.000,7.88e-01
-0.406,0.531,0.531,0.894,0.404,-0.154,0.264,0.002,5.44e-01
-0.344,-0.094,0.281,0.143,-0.126,1.692,0.738,0.964,4.20e-02
-0.344,0.156,0.469,0.291,0.357,0.913,0.955,0.713,4.64e-02
-0.281,0.094,0.219,0.122,0.068,2.476,0.444,0.998,5.28e-02
-0.281,1.031,0.113,0.549,0.095,-0.013,-0.122,0.001,1.59e-01
-0.250,-4.250,0.300,0.809,-0.004,0.008,0.106,-0.000,3.23e-01
-0.250,-3.750,0.300,0.816,-0.007,0.007,0.098,-0.000,3.22e-01
-0.250,-4.250,0.750,1.113,-0.007,0.025,0.107,-0.000,1.60e+00
-0.250,4.750,1.250,1.109,0.003,0.019,0.120,-0.000,1.61e+01
-0.219,-0.219,0.156,0.117,-0.097,2.430,-0.173,0.999,5.37e-02
-0.219,0.594,0.594,1.066,0.514,-0.214,-0.122,0.016,4.20e-01
-0.094,-0.656,0.719,1.179,-0.511,-0.216,-0.302,0.021,4.32e-01
-0.094,-0.406,0.844,0.911,-0.775,0.824,0.083,0.541,7.73e-02
-0.094,0.094,0.594,0.419,0.131,3.421,0.311,1.000,9.83e-02
-0.094,0.156,1.031,0.710,0.359,2.241,0.990,0.874,3.96e-02
-0.062,-2.062,0.313,0.849,-0.027,-0.001,-0.010,0.000,3.26e-01
-0.062,2.062,2.313,1.065,0.085,0.012,0.144,0.000,7.52e+00
-0.031,-0.281,1.031,0.848,-0.585,2.140,0.497,0.882,4.80e-02
0.031,-0.344,0.219,0.176,-0.123,2.154,-1.603,0.994,5.50e-02
0.031,0.469,0.281,0.777,0.179,0.926,-1.880,0.784,1.60e-01
0.063,-2.188,0.175,0.560,0.011,-0.001,-0.016,0.000,2.13e-01
0.094,-0.344,0.281,0.185,-0.157,2.086,-1.781,0.989,5.74e-02
0.094,-0.031,0.844,0.486,-0.048,3.683,-0.197,1.000,3.44e-01
0.094,0.406,0.031,0.031,0.014,1.222,-1.693,0.990,4.27e-02
0.094,0.906,0.781,1.304,0.271,-0.207,-0.404,0.001,7.57e-01
0.094,1.469,0.156,0.629,-0.021,-0.010,-0.163,0.000,1.86e-01
0.156,1.594,0.020,0.094,-0.021,-0.001,-0.140,0.000,1.18e-01
0.156,0.281,2.031,0.643,0.308,0.393,0.751,0.035,2.98e-01
0.188,-2.062,0.020,0.075,0.012,-0.000,-0.048,0.000,1.47e-01
0.188,-1.938,0.175,0.592,0.027,-0.004,-0.068,0.000,2.08e-01
0.219,-0.156,3.031,0.875,-0.042,0.203,0.470,0.000,3.22e+00
0.219,0.281,1.844,0.935,0.452,1.304,0.682,0.438,4.56e-02
0.219,0.406,2.469,0.799,0.218,0.241,0.557,0.000,1.52e+00
0.219,0.531,1.594,1.039,0.682,0.647,0.154,0.271,8.92e-02
0.250,-4.750,0.300,0.783,0.000,0.007,0.087,0.000,3.26e-01
0.250,-4.250,0.300,0.788,0.000,0.007,0.082,0.000,3.25e-01
0.250,-3.750,0.300,0.797,0.002,0.005,0.070,0.000,3.23e-01
0.250,-3.250,0.300,0.801,0.003,0.003,0.050,0.000,3.15e-01
0.250,3.250,0.300,0.801,-0.002,0.003,0.050,0.000,3.15e-01
0.250,3.750,0.300,0.796,-0.002,0.005,0.070,-0.000,3.23e-01
0.250,4.750,0.300,0.783,-0.000,0.007,0.087,0.000,3.26e-01
0.281,-0.281,1.719,1.293,-0.430,2.501,0.317,0.890,7.04e-02
0.281,-0.219,0.031,0.006,-0.019,1.966,-1.598,1.000,4.69e-02
0.281,0.031,1.156,0.494,0.043,2.845,-0.819,0.944,5.07e-02
0.281,0.469,1.656,1.205,0.668,1.371,0.105,0.577,5.73e-02
0.313,-2.688,0.175,0.516,0.021,0.000,0.007,0.000,2.19e-01
0.344,-0.094,0.656,-0.026,-0.228,1.696,-1.336,0.767,4.41e-02
0.344,-0.031,0.156,-0.022,-0.028,2.044,-1.286,0.992,4.60e-02
0.344,-0.031,2.156,1.002,-0.048,1.529,0.836,0.470,4.15e-02
0.344,0.281,0.094,-0.015,0.075,0.867,-1.726,0.927,4.78e-02
0.344,0.406,0.406,0.322,0.154,0.878,-2.053,0.716,2.19e-01
0.375,-2.875,0.175,0.511,0.022,-0.001,0.015,0.000,2.27e-01
0.406,1.469,0.219,0.807,-0.070,-0.018,-0.239,0.000,2.25e-01
0.469,-0.406,2.344,0.857,-0.426,0.509,0.477,0.095,1.42e-01
0.469,-0.344,1.531,0.764,-0.287,1.812,-0.948,0.812,5.77e-02
0.469,0.406,2.156,1.167,0.508,1.132,0.336,0.399,5.72e-02
0.531,-0.219,1.344,0.091,-0.192,0.582,-1.241,0.337,8.01e-02
0.531,0.906,0.219,1.112,-0.283,-0.048,-0.751,0.003,1.97e-01
0.563,2.562,0.175,0.515,-0.039,-0.001,-0.021,0.000,2.19e-01
0.594,0.031,1.594,0.038,0.021,0.504,-1.103,0.304,9.28e-02
0.594,0.219,2.469,1.171,0.281,1.284,0.556,0.408,5.22e-02
0.594,0.844,0.594,1.531,-0.149,-0.272,-1.095,0.037,8.51e-01
0.594,-0.531,0.020,0.052,0.188,0.012,-1.395,0.036,6.04e-02
0.594,-0.344,0.019,-0.030,0.073,0.017,-1.552,0.101,1.30e-01
0.625,-2.875,0.175,0.508,0.033,-0.002,0.001,0.000,2.28e-01
0.625,2.875,0.625,1.105,0.006,0.005,0.009,0.000,9.93e-01
0.656,-0.594,0.969,0.555,-0.308,0.471,-1.444,0.603,1.20e-01
0.656,-0.469,2.406,1.172,-0.491,0.828,0.239,0.279,7.54e-02
0.656,-0.406,2.344,1.447,-0.446,1.442,0.181,0.560,6.22e-02
0.688,1.688,1.688,1.184,0.115,-0.061,-0.090,0.000,2.81e+00
0.719,-1.406,0.070,0.295,0.140,-0.003,-0.302,0.000,1.29e-01
0.750,-4.750,0.300,0.761,0.002,0.006,0.067,0.000,3.28e-01
0.750,-3.250,0.300,0.784,0.020,0.001,0.025,0.000,3.16e-01
0.750,4.250,0.300,0.766,-0.006,0.005,0.061,0.000,3.26e-01
0.750,-4.750,7.750,1.029,-0.002,0.001,0.149,0.000,6.11e+01
0.750,-3.250,0.750,1.132,-0.004,0.010,0.030,-0.000,1.41e+00
0.750,3.250,0.750,1.132,0.004,0.010,0.030,-0.000,1.41e+00
0.750,3.750,0.750,1.122,0.001,0.016,0.051,-0.000,1.35e+00
0.781,-0.094,2.844,0.897,-0.099,0.717,0.572,0.135,9.82e-02
0.781,0.219,2.594,1.581,0.236,1.716,0.347,0.643,6.89e-02
0.781,0.406,2.781,0.897,0.348,0.431,0.396,0.055,2.22e-01
0.844,-0.656,0.781,1.039,-0.063,0.152,-1.489,0.533,1.15e-01
0.844,-0.656,1.594,0.857,-0.240,0.761,-1.116,0.654,7.89e-02
0.844,-0.656,1.781,1.162,-0.284,1.047,-0.955,0.716,9.68e-02
0.844,0.156,2.656,1.687,0.156,1.836,0.329,0.703,8.90e-02
0.844,0.344,2.594,1.587,0.336,1.517,0.194,0.604,7.49e-02
0.844,0.469,2.469,1.598,0.410,1.386,-0.017,0.600,8.82e-02
0.844,1.031,0.020,0.079,-0.094,-0.000,-0.527,0.000,9.34e-02
0.906,-0.594,2.594,1.236,-0.483,0.571,0.049,0.209,1.08e-01
0.906,-0.406,2.281,1.318,-0.163,1.523,-0.577,0.776,6.99e-02
0.906,0.281,0.656,0.378,-0.221,0.353,-1.611,0.344,1.82e-01
0.906,0.344,0.156,0.114,-0.564,0.181,-1.022,0.025,1.26e-01
0.906,0.469,2.781,1.064,0.413,0.541,0.265,0.136,1.23e-01
0.906,1.031,0.020,0.072,-0.091,-0.000,-0.510,0.000,9.83e-02
0.938,-2.688,0.175,0.498,0.054,-0.001,-0.027,0.000,2.20e-01
0.969,0.219,2.406,1.070,0.067,1.278,-0.557,0.675,5.04e-02
1.031,-0.844,1.281,1.342,-0.158,0.318,-1.157,0.470,1.78e-01
1.031,-0.656,0.344,1.205,0.621,0.048,-0.856,0.026,3.02e-01
1.031,-0.031,1.031,-0.179,0.008,0.848,-1.383,0.167,3.43e-01
1.094,-0.094,0.020,-0.148,-0.001,-0.003,-0.638,0.010,9.14e-02
1.156,0.219,2.656,1.359,0.056,1.351,-0.365,0.721,6.09e-02
1.156,0.594,3.094,0.977,0.345,0.250,0.211,0.018,5.90e-01
1.156,0.719,2.531,1.531,0.422,0.675,-0.290,0.374,1.39e-01
1.188,-2.062,3.688,1.062,-0.083,0.014,0.115,-0.000,1.07e+01
1.188,-1.938,4.438,1.042,-0.062,0.030,0.148,0.000,1.76e+01
1.188,1.812,1.938,1.192,0.077,-0.077,-0.123,0.000,3.30e+00
1.219,-0.781,1.219,0.983,-0.040,0.230,-1.229,0.495,1.10e-01
1.219,-0.719,1.656,0.676,-0.124,0.254,-1.090,0.524,9.64e-02
1.219,0.594,2.281,1.000,0.171,0.781,-0.697,0.631,6.95e-02
1.250,-4.250,0.070,0.179,0.006,0.000,0.044,0.000,2.15e-01
1.250,-3.250,0.300,0.764,0.037,-0.000,0.009,0.000,3.18e-01
1.250,-3.250,0.750,1.131,0.009,0.006,0.012,-0.000,1.31e+00
1.250,3.750,0.300,0.755,-0.023,0.003,0.031,0.000,3.25e-01
1.250,4.750,0.300,0.738,-0.004,0.005,0.051,0.000,3.30e-01
1.281,-0.281,1.094,0.002,0.049,0.223,-1.335,0.359,1.83e-01
1.313,-2.562,0.175,0.481,0.078,-0.002,-0.048,0.000,2.22e-01
1.313,-1.688,1.938,1.215,-0.076,-0.101,-0.183,0.000,2.77e+00
1.313,1.438,0.563,1.226,-0.156,-0.029,-0.293,0.000,7.89e-01
1.344,-0.844,1.031,1.351,0.168,0.059,-1.090,0.296,2.31e-01
1.344,-0.781,1.281,0.944,0.008,0.194,-1.205,0.481,1.12e-01
1.344,-0.656,1.719,0.365,-0.103,-0.034,-1.074,0.435,1.67e-01
1.344,-0.156,2.969,1.801,-0.058,1.523,-0.062,0.754,1.92e-01
1.375,2.875,0.625,1.100,-0.023,-0.000,-0.021,0.000,9.00e-01
1.406,-0.094,3.219,1.679,-0.076,1.289,0.268,0.546,1.05e-01
1.438,-1.312,0.813,1.326,0.187,-0.077,-0.399,0.000,1.68e+00
1.438,1.062,0.563,1.279,-0.315,-0.015,-0.446,0.001,6.96e-01
1.469,-0.281,2.906,1.393,-0.067,1.107,-0.275,0.688,7.22e-02
1.563,-0.312,1.438,-0.096,0.021,0.288,-1.136,0.355,2.26e-01
1.563,-0.188,2.813,0.414,-0.103,0.417,-0.359,0.398,9.30e-02
1.563,0.062,1.063,0.096,-0.043,1.012,-0.995,0.139,6.80e-01
1.563,0.062,3.438,1.361,0.052,0.905,0.349,0.310,1.06e-01
1.563,0.438,3.313,1.324,0.310,0.683,0.198,0.254,1.27e-01
1.563,1.062,2.313,1.403,0.234,-0.020,-0.491,0.110,5.95e-01
1.688,-1.812,0.438,1.013,0.139,0.000,-0.143,0.000,4.12e-01
1.688,-1.312,0.070,0.164,0.117,0.002,-0.205,0.000,1.80e-01
1.688,-0.688,1.938,0.459,-0.060,-0.041,-0.916,0.431,1.64e-01
1.688,0.562,2.313,0.263,0.174,-0.034,-0.724,0.348,2.27e-01
1.750,3.250,0.070,0.176,-0.022,-0.000,0.002,0.000,2.16e-01
1.750,3.750,0.750,1.116,-0.015,0.010,0.023,-0.000,1.17e+00
1.750,4.750,0.750,1.104,-0.003,0.015,0.041,-0.000,1.15e+00
1.750,4.750,0.300,0.714,-0.006,0.004,0.040,0.000,3.33e-01
1.813,-2.188,0.563,1.094,0.085,-0.005,-0.088,0.000,6.71e-01
1.813,-0.562,3.563,1.096,-0.297,0.323,0.171,0.068,2.90e-01
1.813,-0.312,2.313,-0.038,-0.134,0.285,-0.727,0.272,3.40e-01
1.813,-0.188,3.063,0.783,-0.086,0.585,-0.198,0.491,8.50e-02
1.813,0.188,1.813,-0.050,0.014,0.708,-0.936,0.258,2.29e-01
1.813,0.188,3.438,1.680,0.104,1.064,0.151,0.553,3.29e-01
1.813,0.688,2.563,0.935,0.175,0.360,-0.559,0.512,1.10e-01
1.813,1.188,3.438,1.084,0.222,0.022,0.042,0.000,3.49e+00
1.938,-1.188,0.175,0.386,0.220,0.020,-0.167,0.000,2.01e-01
1.938,-0.562,3.563,1.217,-0.307,0.409,0.130,0.138,2.10e-01
1.938,-0.312,2.938,0.288,-0.190,0.232,-0.297,0.310,1.87e-01
1.938,-0.188,1.813,-0.020,0.002,0.736,-0.901,0.261,2.25e-01
1.938,0.562,3.438,1.428,0.308,0.584,0.057,0.290,1.89e-01
2.063,-2.688,2.688,1.122,-0.028,-0.041,0.006,-0.000,9.76e+00
2.063,-0.812,1.563,1.056,0.191,0.115,-0.821,0.369,2.01e-01
2.063,0.062,0.688,0.332,-0.097,0.377,-0.031,0.030,3.13e-01
2.063,1.562,0.313,0.751,-0.207,0.018,-0.130,0.000,2.54e-01
2.188,0.188,2.813,0.061,0.130,0.443,-0.388,0.215,4.60e-01
2.188,0.188,3.813,1.396,0.112,0.687,0.213,0.283,1.92e-01
2.188,0.438,2.688,0.143,0.198,0.056,-0.548,0.269,1.01e+00
2.188,0.688,0.688,1.114,-0.454,0.210,-0.229,0.021,7.35e-01
2.188,2.562,0.313,0.724,-0.101,-0.001,-0.038,0.000,2.94e-01
2.250,-4.750,0.300,0.689,0.007,0.003,0.032,0.000,3.37e-01
2.250,-4.750,0.750,1.098,0.004,0.012,0.033,0.000,1.08e+00
2.250,-3.750,0.300,0.703,0.039,0.002,0.017,0.000,3.32e-01
2.250,3.250,0.300,0.710,-0.061,0.001,0.002,0.000,3.24e-01
2.250,4.250,0.300,0.693,-0.022,0.003,0.028,0.000,3.35e-01
2.250,4.750,5.250,1.056,0.004,-0.004,0.104,0.000,3.78e+01
2.313,-2.438,0.175,0.414,0.103,0.000,-0.041,0.000,2.35e-01
2.313,-2.438,0.438,0.915,0.101,0.001,-0.044,0.000,4.01e-01
2.313,-0.438,3.313,1.109,-0.178,0.558,-0.164,0.520,1.11e-01
2.313,0.438,0.688,0.913,-0.412,0.343,-0.112,0.028,3.83e-01
2.313,0.688,1.938,0.544,-0.093,-0.014,-0.764,0.416,1.82e-01
2.313,1.562,0.175,0.371,-0.160,0.010,-0.096,0.000,2.25e-01
2.375,-2.875,0.375,0.819,0.081,-0.001,-0.014,0.000,3.72e-01
2.438,-0.688,1.688,0.774,0.216,0.104,-0.690,0.381,2.07e-01
2.438,0.562,3.438,1.465,0.204,0.644,-0.134,0.523,2.97e-01
2.438,1.688,0.175,0.366,-0.146,0.008,-0.078,0.000,2.32e-01
2.563,-1.938,0.563,1.055,0.140,0.012,-0.067,0.000,5.73e-01
2.563,-0.438,3.313,0.640,-0.230,0.256,-0.206,0.376,1.34e-01
2.563,-0.312,1.688,0.315,0.156,0.555,-0.592,0.315,3.25e-01
2.563,-0.312,2.813,0.084,-0.139,0.333,-0.522,0.267,3.89e-01
2.563,-0.312,2.938,0.127,-0.181,0.300,-0.431,0.248,5.88e-01
2.563,-0.312,3.688,1.513,-0.124,0.737,-0.013,0.535,3.15e-01
2.563,0.062,1.063,0.440,-0.082,0.576,-0.008,0.045,4.91e-01
2.563,0.188,3.563,1.056,0.095,0.572,-0.048,0.486,1.16e-01
2.563,2.188,0.175,0.383,-0.114,0.002,-0.045,0.000,2.41e-01
2.563,2.188,0.313,0.682,-0.134,0.005,-0.046,0.000,2.79e-01
2.688,-1.938,0.070,0.135,0.055,0.001,-0.049,0.000,2.48e-01
2.688,-0.938,3.063,1.403,-0.194,0.231,-0.344,0.371,6.60e-01
2.688,-0.812,2.063,0.978,0.136,0.076,-0.608,0.386,2.15e-01
2.688,0.062,2.563,0.081,0.005,0.893,-0.586,0.181,6.20e-01
2.688,0.188,3.063,0.133,0.128,0.482,-0.324,0.219,4.79e-01
2.688,0.562,3.938,1.313,0.252,0.400,0.086,0.189,2.64e-01
2.688,-1.688,0.175,0.339,0.130,0.008,-0.056,0.000,2.45e-01
2.750,-4.750,0.300,0.663,0.008,0.003,0.029,0.000,3.41e-01
2.750,-3.250,0.070,0.159,0.021,-0.000,0.006,0.000,2.36e-01
2.750,-3.250,0.300,0.679,0.066,0.002,0.007,0.000,3.29e-01
2.750,3.750,0.300,0.675,-0.042,0.002,0.017,0.000,3.36e-01
2.750,4.250,0.300,0.667,-0.024,0.003,0.025,0.000,3.39e-01
2.750,4.750,0.300,0.663,-0.008,0.003,0.029,0.000,3.41e-01
2.750,3.250,0.020,0.045,-0.007,-0.000,0.006,0.000,2.36e-01
2.813,-1.312,0.313,0.567,0.186,0.037,-0.049,0.000,2.52e-01
2.813,-0.938,2.688,1.251,-0.064,0.117,-0.485,0.388,2.67e-01
2.813,-0.562,0.438,0.472,0.185,0.108,-0.008,0.002,2.43e-01
2.813,0.188,2.438,0.107,-0.016,0.742,-0.610,0.254,2.54e-01
2.813,1.812,0.175,0.339,-0.120,0.006,-0.044,0.000,2.50e-01
2.875,2.875,2.375,1.131,-0.010,-0.048,-0.008,0.000,1.20e+01
2.938,-0.562,2.063,0.474,0.158,0.117,-0.557,0.390,3.18e-01
2.938,-0.312,4.063,1.476,-0.136,0.586,0.108,0.366,4.85e-01
2.938,0.188,1.188,0.723,-0.213,0.550,0.040,0.066,4.53e-01
2.938,0.562,2.188,0.393,-0.127,0.070,-0.577,0.389,3.43e-01
2.938,0.938,3.563,1.389,0.278,0.187,-0.133,0.221,5.51e-01
2.938,0.938,3.813,1.215,0.288,0.104,-0.030,0.078,4.48e-01
3.063,-0.688,1.188,1.096,0.413,0.180,-0.103,0.049,2.11e+00
3.063,-0.562,4.188,1.221,-0.222,0.313,0.103,0.119,3.26e-01
3.063,-0.312,3.188,0.188,-0.175,0.320,-0.370,0.251,6.13e-01
3.063,0.062,3.813,0.940,0.036,0.479,0.005,0.421,1.35e-01
3.063,0.438,1.438,0.865,-0.346,0.410,-0.168,0.167,8.23e-01
3.063,0.938,0.563,0.884,-0.249,0.108,-0.018,0.000,3.37e-01
3.188,-0.812,3.188,1.003,-0.168,0.064,-0.360,0.396,1.85e-01
3.188,1.812,1.438,1.182,-0.154,-0.052,-0.083,0.000,9.47e+00
3.250,3.750,0.300,0.646,-0.044,0.003,0.019,0.000,3.42e-01
3.250,-4.750,0.020,0.043,0.001,-0.000,0.027,0.000,2.52e-01
3.250,-4.750,0.750,1.082,0.006,0.010,0.027,0.000,9.70e-01
3.250,4.750,0.300,0.637,-0.008,0.003,0.027,0.000,3.46e-01
3.313,-0.812,2.438,0.934,0.107,0.037,-0.464,0.378,2.44e-01
3.313,-0.688,2.563,0.583,0.090,-0.033,-0.500,0.372,2.50e-01
3.313,0.562,3.688,0.993,0.242,0.267,-0.145,0.412,1.49e-01
3.438,-1.062,0.563,0.856,0.210,0.082,0.008,0.000,3.47e-01
3.438,-0.938,0.313,0.359,0.103,0.039,0.016,0.000,3.03e-01
3.438,-0.688,2.313,0.758,0.158,0.081,-0.432,0.373,2.75e-01
3.438,-0.312,0.688,0.604,0.158,0.103,0.081,0.006,3.24e-01
3.438,0.312,2.813,0.172,-0.030,0.435,-0.514,0.314,2.72e-01
3.438,0.688,3.438,0.753,0.220,0.020,-0.295,0.349,1.89e-01
3.438,1.188,0.563,0.894,-0.205,0.070,0.001,0.000,3.74e-01
3.438,1.188,0.688,1.038,-0.220,0.075,-0.004,0.000,5.96e-01
3.438,0.688,0.175,0.104,-0.011,0.011,0.027,0.001,5.50e-01
3.438,0.812,0.175,0.132,-0.024,0.012,0.021,0.001,4.63e-01
3.438,1.312,0.070,0.084,-0.025,0.002,0.000,0.000,3.87e-01
3.563,-0.812,3.063,0.819,-0.056,-0.072,-0.413,0.361,2.16e-01
3.563,-0.562,0.938,1.022,0.293,0.188,0.064,0.010,7.69e-01
3.563,-0.312,0.563,0.433,0.094,0.038,0.068,0.004,3.78e-01
3.563,2.188,0.688,1.077,-0.116,0.013,-0.005,0.000,8.33e-01
3.625,-2.875,0.375,0.734,0.088,0.007,0.014,0.000,3.62e-01
3.688,-0.188,0.813,0.641,0.115,0.077,0.130,0.010,4.20e-01
3.688,0.062,1.063,0.665,-0.059,0.188,0.195,0.021,6.73e-01
3.688,0.188,4.563,1.247,0.072,0.372,0.134,0.146,3.95e-01
3.688,0.562,3.813,0.878,0.254,0.182,-0.138,0.369,1.64e-01
3.750,-3.750,0.300,0.617,0.043,0.004,0.023,0.000,3.48e-01
3.750,3.250,0.300,0.614,-0.065,0.005,0.020,0.000,3.41e-01
3.750,3.250,0.750,1.083,-0.051,0.008,0.015,0.000,9.53e-01
3.750,4.750,0.750,1.072,-0.006,0.009,0.027,0.000,9.26e-01
3.750,-4.750,0.750,1.072,0.006,0.009,0.027,0.000,9.26e-01
3.750,3.750,0.300,0.617,-0.043,0.004,0.023,0.000,3.48e-01
3.750,4.750,0.300,0.611,-0.008,0.003,0.028,0.000,3.51e-01
3.813,-1.062,2.813,1.281,0.032,-0.005,-0.334,0.276,6.78e-01
3.813,-0.938,2.938,1.106,0.007,0.001,-0.366,0.356,2.85e-01
3.813,1.312,3.813,1.176,0.196,-0.088,-0.082,0.026,1.03e+00
3.813,-1.562,0.175,0.253,0.064,0.008,0.016,0.000,3.17e-01
3.813,2.062,0.070,0.116,-0.030,0.001,0.010,0.000,3.02e-01
3.938,-2.438,0.313,0.591,0.099,0.007,0.015,0.000,3.02e-01
3.938,-0.312,3.063,0.241,0.026,0.447,-0.448,0.308,2.99e-01
3.938,-0.188,1.438,0.860,0.161,0.412,0.159,0.049,6.39e-01
3.938,-0.062,0.438,0.318,0.001,-0.076,0.083,0.007,6.71e-01
3.938,2.188,4.063,1.104,0.071,-0.058,0.016,0.000,1.22e+01
4.063,-0.812,3.813,1.174,-0.233,0.122,-0.181,0.377,2.37e-01
4.063,-0.188,0.688,0.545,0.066,-0.012,0.109,0.007,5.52e-01
4.063,0.062,0.563,0.430,-0.012,-0.080,0.100,0.008,7.37e-01
4.063,0.688,4.188,1.372,0.232,0.302,-0.032,0.354,1.29e+00
4.063,-2.062,0.175,0.294,0.065,0.004,0.019,0.000,2.97e-01
4.188,-0.562,3.063,0.388,0.076,0.051,-0.413,0.324,6.49e-01
4.188,0.188,4.313,1.060,0.100,0.386,0.051,0.369,1.96e-01
4.188,0.562,4.313,1.349,0.207,0.341,0.005,0.360,8.30e-01
4.250,4.250,0.750,1.063,-0.020,0.008,0.027,0.000,8.88e-01
4.313,0.438,4.688,1.251,0.144,0.295,0.094,0.148,5.34e-01
4.313,0.562,3.938,0.641,0.263,0.060,-0.166,0.291,2.53e-01
4.313,0.688,5.063,1.055,0.112,0.118,0.105,0.001,8.00e+00
4.313,0.812,3.438,0.784,0.085,-0.101,-0.326,0.331,2.48e-01
4.313,-0.688,0.020,0.011,-0.005,0.000,0.063,0.002,9.09e-01
4.438,-2.062,3.938,1.115,-0.070,-0.087,-0.008,0.000,1.07e+01
4.438,-1.688,0.438,0.686,0.120,0.024,0.036,0.000,3.37e-01
4.438,0.938,3.438,1.055,0.079,-0.052,-0.285,0.343,2.73e-01
4.438,0.812,0.175,0.130,0.007,0.006,0.063,0.001,5.78e-01
4.438,1.813,0.020,0.028,-0.004,0.000,0.032,0.000,3.74e-01
4.563,-0.188,1.063,0.839,0.107,0.101,0.168,0.013,5.77e-01
4.563,-0.188,3.313,0.388,0.013,0.705,-0.356,0.247,3.49e-01
4.563,0.438,0.313,0.227,0.016,-0.002,0.080,0.003,6.20e-01
4.563,2.062,0.313,0.517,-0.087,0.010,0.032,0.000,3.14e-01
4.563,-1.688,0.175,0.246,0.040,0.005,0.040,0.000,3.44e-01
4.563,-0.188,0.175,0.142,-0.026,-0.019,0.092,0.005,6.17e-01
4.563,0.562,0.020,0.011,0.006,0.000,0.075,0.003,8.28e-01
4.688,-1.812,0.313,0.481,0.081,0.013,0.040,0.000,3.22e-01
4.688,0.438,4.563,1.290,0.168,0.329,0.043,0.325,7.47e-01
4.688,-2.687,0.020,0.035,0.005,0.000,0.030,0.000,2.98e-01
4.750,-3.750,0.750,1.055,0.036,0.008,0.028,0.000,8.52e-01
4.750,-3.250,0.300,0.554,0.053,0.005,0.031,0.000,3.57e-01
4.750,-3.250,0.750,1.056,0.053,0.010,0.028,0.000,8.63e-01
4.750,-3.750,0.300,0.563,0.036,0.004,0.030,0.000,3.61e-01
4.750,4.250,0.020,0.037,-0.002,-0.000,0.029,0.000,2.88e-01
4.813,0.688,0.563,0.557,-0.092,0.043,0.079,0.001,3.67e-01
4.813,0.062,0.175,0.169,0.011,-0.025,0.099,0.005,5.39e-01
4.938,-0.688,0.313,0.250,-0.002,0.012,0.078,0.001,5.37e-01
4.938,1.312,4.438,1.131,0.186,-0.039,-0.012,0.016,1.57e+00
5.063,-2.062,0.938,1.120,0.110,0.018,0.037,0.000,2.08e+00
5.063,-0.688,4.188,0.839,-0.256,0.025,-0.135,0.306,2.38e-01
5.063,0.562,4.063,0.540,0.234,0.029,-0.200,0.261,4.83e-01
5.063,0.938,3.688,1.000,0.091,-0.088,-0.243,0.327,2.86e-01
5.125,2.875,0.175,0.315,-0.038,0.003,0.035,0.000,3.14e-01
5.188,-2.062,0.563,0.858,0.104,0.020,0.043,0.000,4.46e-01
5.188,-1.062,5.438,1.068,-0.098,0.057,0.080,0.000,1.86e+01
5.188,-0.938,3.313,0.996,0.046,-0.052,-0.245,0.324,3.49e-01
5.188,-0.062,4.688,1.009,-0.031,0.333,0.084,0.305,2.61e-01
5.188,0.312,3.563,0.413,-0.018,0.486,-0.323,0.288,3.62e-01
5.188,1.188,4.813,1.098,0.173,0.017,0.031,0.007,2.81e+00
5.188,-1.562,0.175,0.224,0.018,0.005,0.055,0.000,3.86e-01
5.250,-4.250,0.750,1.040,0.020,0.008,0.031,0.000,8.26e-01
5.250,-4.750,0.750,1.039,0.007,0.008,0.031,0.000,8.28e-01
5.250,-4.250,0.300,0.540,0.020,0.003,0.032,0.000,3.69e-01
5.250,-3.250,0.300,0.528,0.046,0.005,0.035,0.000,3.65e-01
5.250,3.250,0.300,0.528,-0.046,0.005,0.035,0.000,3.65e-01
5.250,4.750,0.300,0.540,-0.006,0.003,0.032,0.000,3.70e-01
5.313,2.312,0.813,1.073,-0.094,0.016,0.039,0.000,1.08e+00
5.313,-2.312,0.175,0.279,0.033,0.003,0.042,0.000,3.27e-01
5.438,-0.938,4.813,1.182,-0.204,0.091,0.026,0.074,8.31e-01
5.438,1.562,0.688,0.926,-0.121,0.036,0.057,0.000,5.25e-01
5.438,-1.562,0.070,0.087,0.002,0.001,0.057,0.000,4.24e-01
5.563,-0.562,3.938,0.462,-0.100,0.070,-0.295,0.278,1.31e+00
5.625,2.875,0.625,0.944,-0.066,0.013,0.038,0.000,5.67e-01
5.688,-0.938,3.938,0.954,-0.112,-0.114,-0.209,0.307,3.03e-01
5.688,-0.438,1.063,0.969,0.136,0.070,0.121,0.004,7.88e-01
5.688,-0.312,4.688,0.794,-0.171,0.236,0.040,0.268,2.87e-01
5.688,0.062,0.813,0.724,-0.018,-0.064,0.123,0.008,1.07e+00
5.750,-4.250,0.750,1.028,0.020,0.008,0.033,0.000,8.02e-01
5.750,-3.250,0.750,1.028,0.050,0.012,0.035,0.000,7.96e-01
5.750,-3.250,0.020,0.033,0.002,-0.000,0.036,0.000,3.21e-01
5.750,-3.250,0.300,0.504,0.039,0.004,0.037,0.000,3.73e-01
5.750,3.750,0.300,0.516,-0.028,0.004,0.035,0.000,3.75e-01
5.750,4.250,0.300,0.519,-0.017,0.003,0.034,0.000,3.76e-01
5.750,4.750,0.300,0.519,-0.005,0.003,0.033,0.000,3.76e-01
5.875,-2.875,0.625,0.932,0.063,0.013,0.038,0.000,5.59e-01
5.875,2.875,0.175,0.290,-0.026,0.003,0.040,0.000,3.35e-01
5.938,1.812,0.313,0.435,-0.040,0.010,0.056,0.000,3.66e-01
5.938,2.438,0.813,1.056,-0.082,0.016,0.043,0.000,1.00e+00
6.063,-0.938,3.813,0.900,-0.020,-0.118,-0.218,0.302,3.42e-01
6.063,-0.938,4.563,1.219,-0.227,0.036,-0.066,0.260,6.91e-01
6.063,-0.812,0.813,0.856,0.118,0.051,0.086,0.000,4.96e-01
6.063,-0.188,4.063,0.546,-0.039,0.627,-0.214,0.226,5.11e-01
6.063,1.438,0.313,0.381,-0.024,0.011,0.065,0.000,4.03e-01
6.063,1.812,0.813,1.024,-0.106,0.029,0.055,0.000,8.11e-01
6.063,-2.188,0.175,0.259,0.017,0.003,0.049,0.000,3.56e-01
6.188,-1.188,3.188,1.209,0.091,-0.064,-0.123,0.183,2.26e+00
6.188,-0.312,5.563,1.074,-0.056,0.148,0.096,0.010,2.57e+00
6.188,-0.188,4.938,0.900,-0.095,0.268,0.078,0.255,3.22e-01
6.188,0.062,3.313,0.742,-0.017,0.765,-0.155,0.131,1.94e+00
6.188,0.188,4.813,0.697,0.110,0.271,0.056,0.237,4.89e-01
6.188,1.812,0.175,0.235,-0.008,0.003,0.057,0.000,3.88e-01
6.250,4.250,0.750,1.016,-0.019,0.008,0.034,0.000,7.82e-01
6.250,-4.750,0.750,1.016,0.006,0.008,0.033,0.000,7.84e-01
6.250,4.250,0.300,0.499,-0.015,0.003,0.035,0.000,3.82e-01
6.250,4.750,0.300,0.501,-0.005,0.003,0.034,0.000,3.82e-01
6.250,-4.750,2.750,1.105,0.003,-0.026,0.031,0.000,4.11e+01
6.313,-0.688,2.938,0.994,0.146,0.165,-0.103,0.267,9.25e-01
6.313,-0.312,5.688,1.065,-0.048,0.130,0.095,0.003,5.48e+00
6.313,0.438,4.313,0.521,0.145,0.248,-0.194,0.258,1.22e+00
6.313,1.438,0.938,1.056,-0.120,0.041,0.065,0.000,1.06e+00
6.438,0.938,0.813,0.874,-0.110,0.047,0.081,0.000,5.21e-01
6.438,-0.562,0.175,0.179,-0.038,0.000,0.087,0.003,5.52e-01
6.438,-0.062,0.070,0.102,-0.005,-0.004,0.105,0.005,3.75e-01
6.563,-0.938,3.563,0.964,0.077,-0.042,-0.170,0.299,4.70e-01
6.563,-0.812,5.188,1.165,-0.178,0.110,0.041,0.082,1.45e+00
6.563,0.688,5.188,1.179,0.174,0.146,0.048,0.121,2.43e+00
6.563,0.812,3.063,1.046,-0.136,0.092,-0.105,0.264,8.65e-01
6.563,2.188,0.313,0.453,-0.033,0.007,0.051,0.000,3.68e-01
6.688,-1.938,0.563,0.768,0.070,0.019,0.056,0.000,4.41e-01
6.688,-1.562,0.313,0.388,0.015,0.009,0.063,0.000,4.12e-01
6.688,-1.562,3.438,1.179,0.046,-0.151,-0.070,0.048,2.41e+00
6.688,1.938,5.438,1.088,0.081,-0.023,0.038,0.000,2.30e+01
6.750,-4.250,0.750,1.004,0.018,0.008,0.035,0.000,7.65e-01
6.750,-3.750,0.750,1.005,0.031,0.010,0.036,0.000,7.60e-01
6.813,1.812,4.563,1.114,0.092,-0.098,-0.013,0.002,6.39e+00
6.938,-1.438,0.688,0.828,0.081,0.032,0.066,0.000,4.91e-01
6.938,-0.312,4.313,0.577,-0.060,0.468,-0.201,0.253,5.33e-01
6.938,1.062,1.313,1.109,-0.137,0.048,0.077,0.000,6.24e+00
7.063,-0.062,0.813,0.789,0.008,-0.066,0.103,0.007,1.20e+00
7.063,0.562,3.188,0.931,-0.121,0.250,-0.088,0.269,1.24e+00
7.063,-0.062,0.175,0.267,-0.008,-0.017,0.097,0.005,3.88e-01
7.063,-1.688,0.020,0.025,-0.002,0.000,0.059,0.000,4.26e-01
7.125,-2.875,0.175,0.262,0.012,0.003,0.042,0.000,3.68e-01
7.125,-2.875,0.375,0.546,0.033,0.008,0.042,0.000,3.86e-01
7.188,-2.188,0.313,0.437,0.021,0.007,0.051,0.000,3.84e-01
7.188,-0.938,0.813,0.843,0.088,0.039,0.077,0.000,5.29e-01
7.188,-0.438,4.063,0.576,0.032,0.344,-0.233,0.286,5.95e-01
7.188,0.562,3.563,0.773,-0.110,0.228,-0.145,0.302,1.02e+00
7.188,2.188,0.070,0.098,0.001,0.000,0.051,0.000,3.85e-01
7.188,-2.687,0.070,0.102,0.002,0.001,0.044,0.000,3.68e-01
7.250,-4.750,2.750,1.105,0.004,-0.026,0.031,0.000,4.41e+01
7.250,-4.250,0.750,0.993,0.018,0.008,0.035,0.000,7.51e-01
7.250,-3.250,0.750,0.987,0.042,0.012,0.039,0.000,7.34e-01
7.250,3.250,0.750,0.987,-0.042,0.012,0.039,0.000,7.34e-01
7.250,4.750,1.250,1.124,-0.005,0.001,0.034,-0.000,4.08e+00
7.250,-4.250,0.300,0.467,0.010,0.002,0.035,0.000,3.95e-01
7.250,-3.250,0.300,0.449,0.021,0.003,0.040,0.000,3.97e-01
7.250,4.750,0.300,0.469,-0.003,0.002,0.034,0.000,3.95e-01
7.313,-1.188,4.688,1.204,-0.171,-0.064,-0.069,0.176,2.21e+00
7.313,-1.062,1.063,1.046,0.115,0.047,0.075,0.000,1.10e+00
7.313,-1.062,4.813,1.177,-0.200,-0.034,-0.059,0.196,1.04e+00
7.313,-0.938,3.938,0.879,0.044,-0.088,-0.174,0.282,4.60e-01
7.313,0.438,0.313,0.366,0.038,-0.009,0.086,0.004,5.33e-01
7.313,0.688,4.188,0.610,0.006,0.031,-0.233,0.277,1.11e+00
7.438,-0.562,5.188,0.995,-0.208,0.136,0.026,0.214,4.42e-01
7.438,-0.438,4.313,0.575,-0.029,0.333,-0.224,0.275,6.67e-01
7.438,2.688,0.688,0.924,-0.055,0.014,0.044,0.000,5.99e-01
7.438,-2.312,0.175,0.245,0.003,0.002,0.049,0.000,3.84e-01
7.563,-2.438,0.438,0.612,0.035,0.010,0.047,0.000,4.02e-01
7.563,-1.562,0.813,0.941,0.083,0.032,0.062,0.000,6.44e-01
7.563,-1.188,0.438,0.467,0.009,0.014,0.068,0.000,4.73e-01
7.563,-0.812,1.063,1.005,0.109,0.046,0.081,0.000,9.00e-01
7.563,-0.188,5.813,1.090,-0.036,0.157,0.088,0.025,3.10e+00
7.563,0.688,0.175,0.189,0.034,0.002,0.077,0.003,5.27e-01
7.563,-1.062,0.070,0.073,-0.012,0.000,0.070,0.001,5.20e-01
7.625,-2.875,0.875,1.044,0.053,0.013,0.042,0.000,1.07e+00
7.688,-0.062,4.813,0.699,-0.032,0.525,-0.036,0.188,1.24e+00
7.750,4.750,0.070,0.107,-0.000,0.000,0.034,0.000,3.54e-01
7.750,-4.750,0.750,0.982,0.005,0.008,0.034,0.000,7.42e-01
7.750,-4.250,0.750,0.981,0.017,0.008,0.034,0.000,7.39e-01
7.750,3.250,0.750,0.974,-0.039,0.012,0.039,0.000,7.20e-01
7.750,3.750,0.750,0.981,-0.028,0.010,0.036,0.000,7.34e-01
7.750,-4.250,0.300,0.454,0.008,0.002,0.035,0.000,4.01e-01
7.938,-1.062,0.563,0.579,0.022,0.020,0.068,0.000,4.90e-01
7.938,-0.062,2.063,1.021,0.021,0.224,0.116,0.023,4.99e+00
7.938,0.438,4.313,0.624,-0.008,0.351,-0.209,0.275,6.33e-01
7.938,0.438,4.563,0.620,0.074,0.319,-0.185,0.261,8.06e-01
7.938,1.188,0.438,0.463,-0.004,0.013,0.066,0.000,4.86e-01
7.938,2.062,0.688,0.868,-0.060,0.019,0.052,0.000,5.48e-01
7.938,-1.813,0.020,0.026,-0.002,0.000,0.055,0.000,4.21e-01
7.938,2.188,0.175,0.237,0.002,0.002,0.049,0.000,3.99e-01
8.188,-2.688,0.438,0.601,0.026,0.009,0.042,0.000,4.01e-01
8.188,-0.688,3.063,1.079,0.142,0.166,-0.022,0.180,2.58e+00
8.188,0.438,5.438,0.962,0.166,0.167,0.050,0.188,5.31e-01
8.188,0.562,0.813,0.782,-0.049,0.007,0.076,0.001,6.66e-01
8.250,-4.250,0.750,0.970,0.016,0.008,0.034,0.000,7.29e-01
8.250,-4.250,1.250,1.120,0.016,0.002,0.033,-0.000,3.49e+00
8.250,-3.250,0.750,0.961,0.036,0.011,0.038,0.000,7.09e-01
8.250,4.250,0.750,0.970,-0.016,0.008,0.034,0.000,7.29e-01
8.250,4.750,0.020,0.030,-0.000,0.000,0.033,0.000,3.62e-01
8.250,3.750,0.020,0.029,-0.000,0.000,0.035,0.000,3.67e-01
8.313,-0.562,4.688,0.635,-0.108,0.175,-0.181,0.259,2.08e+00
8.313,-0.312,1.063,0.936,0.053,-0.002,0.088,0.004,1.17e+00
8.313,2.688,0.688,0.894,-0.046,0.013,0.043,0.000,5.80e-01
8.438,1.562,4.313,1.186,0.043,-0.132,-0.058,0.082,4.30e+00
8.563,-1.188,4.313,1.080,-0.016,-0.137,-0.115,0.223,6.59e-01
8.563,-0.562,3.813,0.842,0.105,0.243,-0.110,0.281,1.14e+00
8.563,-0.312,0.313,0.433,-0.031,-0.018,0.077,0.004,4.70e-01
8.563,0.688,0.813,0.781,-0.050,0.016,0.070,0.001,6.29e-01
8.625,2.875,0.175,0.241,-0.002,0.002,0.039,0.000,3.97e-01
8.688,-0.062,0.438,0.609,-0.006,-0.044,0.078,0.005,5.84e-01
8.750,-4.750,0.300,0.433,0.002,0.002,0.032,0.000,4.12e-01
8.813,-1.188,0.688,0.716,0.038,0.023,0.060,0.000,5.17e-01
8.813,-0.688,0.813,0.778,0.045,0.014,0.067,0.001,6.47e-01
8.813,1.562,0.175,0.204,0.013,0.002,0.054,0.000,4.69e-01
8.938,-0.812,4.813,0.743,-0.125,-0.048,-0.159,0.241,7.83e-01
8.938,-0.688,0.813,0.777,0.043,0.013,0.066,0.001,6.54e-01
8.938,-0.062,0.438,0.613,-0.006,-0.042,0.075,0.005,5.78e-01
8.938,2.062,0.563,0.701,-0.031,0.013,0.047,0.000,4.74e-01
9.063,-0.688,0.688,0.674,0.018,0.008,0.064,0.001,6.45e-01
9.063,1.562,0.175,0.203,0.014,0.002,0.052,0.000,4.73e-01
9.188,0.812,3.563,1.043,-0.114,0.096,-0.052,0.243,1.44e+00
9.188,1.312,1.438,1.117,-0.096,0.031,0.056,0.000,8.92e+00
9.188,1.688,0.563,0.653,-0.023,0.015,0.050,0.000,4.84e-01
9.188,2.062,0.313,0.394,0.001,0.005,0.045,0.000,4.35e-01
9.250,-3.250,0.070,0.095,0.001,0.000,0.035,0.000,3.97e-01
9.250,-4.750,0.300,0.424,0.001,0.001,0.031,0.000,4.17e-01
9.250,-3.750,0.300,0.418,0.006,0.002,0.033,0.000,4.19e-01
9.250,4.250,0.300,0.422,-0.004,0.002,0.031,0.000,4.18e-01
9.250,4.750,0.300,0.424,-0.001,0.001,0.031,0.000,4.17e-01
9.313,-2.188,2.938,1.109,0.073,-0.062,0.017,0.000,5.73e+01
9.313,0.812,0.313,0.334,0.032,0.004,0.060,0.002,5.59e-01
9.313,1.438,4.063,1.177,-0.028,-0.115,-0.060,0.134,5.43e+00
9.438,-1.812,0.813,0.908,0.053,0.022,0.047,0.000,6.50e-01
9.438,-0.688,0.020,0.025,-0.005,0.000,0.061,0.003,4.29e-01
9.563,-2.688,1.188,1.111,0.050,0.011,0.037,0.000,3.18e+00
9.563,-1.938,0.688,0.804,0.038,0.017,0.045,0.000,5.45e-01
9.563,-0.938,4.688,0.807,-0.037,-0.098,-0.156,0.236,6.83e-01
9.563,-0.188,5.063,0.793,-0.057,0.500,-0.077,0.190,1.09e+00
9.563,1.938,0.175,0.216,0.010,0.002,0.044,0.000,4.43e-01
9.625,-2.875,0.375,0.490,0.008,0.005,0.035,0.000,4.24e-01
9.688,-0.562,4.438,0.730,0.059,0.248,-0.162,0.268,1.02e+00
9.688,0.188,4.188,0.910,-0.035,0.560,-0.105,0.159,1.24e+00
9.688,0.312,4.688,0.781,0.003,0.482,-0.152,0.228,6.61e-01
9.688,0.688,0.175,0.212,0.030,0.001,0.059,0.003,4.73e-01
9.688,0.938,5.063,0.863,0.153,-0.094,-0.112,0.212,6.51e-01
9.750,-4.750,0.300,0.416,0.001,0.001,0.029,0.000,4.23e-01
9.750,3.750,0.300,0.410,-0.004,0.001,0.031,0.000,4.25e-01
9.813,-1.062,0.938,0.900,0.060,0.028,0.054,0.000,6.88e-01
9.813,0.688,1.938,1.109,-0.100,0.065,0.067,0.006,3.20e+01
9.938,-0.562,0.175,0.232,-0.030,-0.001,0.058,0.003,4.35e-01
9.938,1.188,4.313,1.054,-0.044,-0.109,-0.090,0.202,8.58e-01
10.063,-1.812,0.175,0.209,-0.011,0.001,0.042,0.000,4.61e-01
10.063,0.438,4.938,0.737,0.050,0.345,-0.146,0.243,8.37e-01
10.063,0.938,3.563,1.103,-0.112,0.049,-0.031,0.200,2.13e+00
10.063,2.188,0.438,0.539,-0.007,0.007,0.039,0.000,4.59e-01
10.188,-1.562,0.070,0.080,-0.007,0.000,0.044,0.001,4.75e-01
10.188,-0.188,0.563,0.715,-0.010,-0.038,0.060,0.004,7.28e-01
10.188,0.312,5.813,0.868,0.121,0.197,0.049,0.175,1.19e+00
10.188,1.938,2.063,1.114,-0.081,-0.006,0.035,0.000,2.63e+01
10.250,-3.750,0.300,0.403,0.003,0.001,0.029,0.000,4.30e-01
10.250,-3.250,0.300,0.392,0.003,0.001,0.030,0.000,4.35e-01
10.250,-3.250,0.750,0.915,0.026,0.010,0.031,0.000,6.87e-01
10.250,3.750,0.750,0.925,-0.019,0.008,0.029,0.000,7.02e-01
10.250,3.750,1.250,1.111,-0.023,0.004,0.028,0.000,2.70e+00
10.250,4.250,0.750,0.928,-0.012,0.007,0.027,0.000,7.06e-01
10.250,4.750,0.750,0.930,-0.004,0.007,0.027,0.000,7.08e-01
10.438,-0.562,0.688,0.708,0.002,-0.006,0.052,0.002,7.44e-01
10.438,1.188,4.813,1.000,0.041,-0.150,-0.103,0.183,7.36e-01
10.563,-2.438,0.175,0.223,-0.007,0.001,0.034,0.000,4.31e-01
10.563,0.562,5.938,0.974,0.165,0.114,0.035,0.136,8.74e-01
10.563,2.688,0.175,0.226,0.005,0.001,0.032,0.000,4.24e-01
10.625,-2.875,0.875,0.980,0.034,0.012,0.031,0.000,8.61e-01
10.688,-2.438,0.938,1.004,0.043,0.015,0.034,0.000,9.40e-01
10.688,-1.062,3.438,1.138,0.115,0.016,-0.012,0.140,5.64e+00
10.688,2.438,0.563,0.684,-0.016,0.009,0.033,0.000,4.95e-01
10.750,-4.750,0.750,0.920,0.004,0.006,0.025,0.000,7.05e-01
10.750,-4.750,1.250,1.108,0.004,0.002,0.025,0.000,2.62e+00
10.750,-4.750,2.250,1.116,0.004,-0.015,0.023,0.000,3.19e+01
10.750,-4.250,0.300,0.401,0.001,0.001,0.025,0.000,4.33e-01
10.750,-3.750,0.300,0.398,0.002,0.001,0.026,0.000,4.35e-01
10.750,-3.750,1.250,1.108,0.022,0.004,0.026,0.000,2.56e+00
10.750,4.750,0.750,0.920,-0.004,0.006,0.025,0.000,7.05e-01
10.813,-1.062,3.438,1.138,0.115,0.016,-0.011,0.137,6.07e+00
10.813,-0.188,5.438,0.840,-0.066,0.428,-0.033,0.181,1.57e+00
10.813,0.688,5.688,0.872,0.204,0.066,-0.019,0.185,1.08e+00
10.813,1.062,4.813,0.897,0.012,-0.120,-0.122,0.207,7.50e-01
10.938,-0.562,5.313,0.768,-0.127,0.206,-0.107,0.230,1.89e+00
10.938,-0.188,4.438,0.939,0.030,0.529,-0.096,0.155,1.38e+00
10.938,-1.938,0.070,0.084,-0.005,0.000,0.035,0.000,4.50e-01
11.063,-1.812,0.175,0.204,-0.011,0.001,0.035,0.000,4.74e-01
11.063,-0.938,1.063,0.950,0.057,0.024,0.044,0.000,8.64e-01
11.063,1.188,0.813,0.789,-0.031,0.020,0.041,0.000,6.20e-01
11.063,2.062,0.175,0.212,0.009,0.001,0.033,0.000,4.55e-01
11.125,2.875,0.375,0.471,-0.002,0.003,0.027,0.000,4.46e-01
11.188,-1.437,0.070,0.078,-0.007,0.000,0.037,0.001,4.92e-01
11.188,-1.687,0.020,0.023,-0.002,0.000,0.035,0.000,4.64e-01
11.188,0.438,4.938,0.791,0.002,0.362,-0.140,0.238,7.91e-01
11.188,0.688,0.070,0.090,0.013,0.000,0.044,0.003,4.25e-01
11.250,-4.250,0.750,0.909,0.010,0.007,0.023,0.000,7.01e-01
11.250,3.750,0.300,0.393,-0.001,0.001,0.024,0.000,4.40e-01
11.250,4.250,0.300,0.396,-0.001,0.001,0.023,0.000,4.38e-01
11.250,4.750,0.750,0.911,-0.003,0.006,0.022,0.000,7.03e-01
11.313,-2.062,0.813,0.882,0.034,0.016,0.032,0.000,6.62e-01
11.313,0.562,0.175,0.236,0.025,-0.001,0.045,0.003,4.24e-01
11.375,-2.875,0.625,0.760,0.017,0.008,0.027,0.000,5.41e-01
11.438,-1.062,4.313,0.997,0.093,-0.038,-0.072,0.199,1.10e+00
11.438,-0.188,2.813,1.081,0.041,0.227,0.054,0.028,1.12e+01
11.563,-2.688,0.175,0.222,-0.005,0.001,0.026,0.000,4.34e-01
11.563,-0.562,0.175,0.238,-0.025,-0.001,0.042,0.003,4.21e-01
11.563,-0.562,5.438,0.791,-0.127,0.209,-0.095,0.224,1.93e+00
11.563,-0.438,1.813,1.106,0.058,0.056,0.055,0.005,6.24e+00
11.563,-0.438,4.688,0.850,0.049,0.362,-0.119,0.235,8.35e-01
11.563,0.938,6.188,1.080,0.157,0.032,0.022,0.045,3.36e+00
11.688,-2.688,0.688,0.804,0.021,0.010,0.025,0.000,5.78e-01
11.688,1.438,5.063,1.095,0.053,-0.147,-0.061,0.101,1.70e+00
11.688,1.938,5.938,1.100,0.083,-0.056,0.005,0.000,2.13e+01
11.750,-3.750,0.300,0.388,0.000,0.000,0.021,0.000,4.45e-01
11.750,-3.250,0.750,0.885,0.020,0.008,0.023,0.000,6.82e-01
11.750,4.250,0.750,0.901,-0.009,0.006,0.020,0.000,6.99e-01
11.750,4.250,1.250,1.104,-0.012,0.003,0.020,0.000,2.38e+00
11.750,4.750,0.750,0.902,-0.003,0.006,0.020,0.000,7.01e-01
11.750,-4.750,0.750,0.902,0.003,0.006,0.020,0.000,7.01e-01
11.750,4.250,0.020,0.027,0.000,0.000,0.020,0.000,4.07e-01
11.812,-1.188,0.070,0.077,-0.008,0.000,0.033,0.002,4.98e-01
11.813,1.938,0.688,0.750,-0.018,0.012,0.029,0.000,5.69e-01
11.813,0.812,0.020,0.025,0.003,0.000,0.037,0.003,4.38e-01
11.938,-2.062,0.688,0.758,0.018,0.012,0.027,0.000,5.71e-01
11.938,0.938,6.063,1.037,0.181,0.012,0.004,0.091,1.35e+00
11.938,1.562,0.438,0.462,0.009,0.006,0.030,0.000,5.36e-01
12.062,2.438,0.070,0.088,0.003,0.000,0.023,0.000,4.35e-01
12.063,-1.062,4.438,0.978,0.092,-0.038,-0.071,0.190,1.17e+00
12.063,1.438,0.438,0.452,0.011,0.006,0.030,0.001,5.52e-01
12.188,2.312,0.175,0.214,0.007,0.001,0.023,0.000,4.53e-01
12.188,-2.188,0.563,0.639,0.007,0.008,0.024,0.000,5.23e-01
12.188,-2.062,0.313,0.362,-0.008,0.003,0.025,0.000,4.85e-01
12.188,-1.312,4.813,1.033,0.019,-0.137,-0.075,0.144,1.10e+00
12.188,-0.938,0.938,0.853,0.033,0.015,0.033,0.001,7.66e-01
12.188,1.438,1.063,0.980,-0.049,0.023,0.030,0.000,9.13e-01
12.250,-4.750,0.300,0.389,0.000,0.001,0.017,0.000,4.46e-01
12.250,-4.750,0.750,0.894,0.003,0.006,0.017,0.000,7.00e-01
12.250,-4.250,0.300,0.387,0.000,0.001,0.017,0.000,4.47e-01
12.250,-3.250,0.750,0.876,0.019,0.008,0.020,0.000,6.82e-01
12.250,4.750,0.750,0.894,-0.003,0.006,0.017,0.000,7.00e-01
12.312,0.062,0.175,0.287,0.004,-0.006,0.038,0.004,3.51e-01
12.313,-2.062,1.188,1.073,0.049,0.017,0.025,0.000,1.64e+00
12.313,-1.312,0.563,0.559,-0.006,0.010,0.028,0.001,5.86e-01
12.313,-0.688,4.938,0.783,0.037,0.162,-0.132,0.237,2.12e+00
12.313,1.188,4.188,1.081,-0.089,-0.043,-0.039,0.158,1.82e+00
12.438,-2.062,3.688,1.115,0.055,-0.076,0.000,0.006,1.53e+01
12.438,-0.062,0.438,0.632,-0.005,-0.024,0.036,0.004,5.19e-01
12.438,0.688,6.188,0.960,0.178,0.076,0.017,0.131,1.20e+00
12.438,0.812,0.938,0.853,-0.029,0.010,0.031,0.001,8.21e-01
12.562,1.563,0.020,0.023,0.002,0.000,0.024,0.001,4.79e-01
12.563,-0.688,0.938,0.860,0.024,0.004,0.031,0.001,9.00e-01
12.563,-0.562,4.688,0.868,0.074,0.257,-0.096,0.232,1.14e+00
12.563,0.812,4.063,1.037,-0.102,0.095,-0.030,0.204,2.22e+00
12.563,1.562,5.313,1.105,0.067,-0.135,-0.042,0.059,3.42e+00
12.688,-2.188,0.175,0.209,-0.007,0.001,0.020,0.000,4.65e-01
12.688,-0.188,0.563,0.731,-0.010,-0.027,0.033,0.004,6.81e-01
12.750,-3.250,0.300,0.373,-0.001,0.000,0.016,0.000,4.60e-01
12.750,-3.750,0.020,0.026,-0.000,0.000,0.015,0.000,4.17e-01
12.750,4.750,0.300,0.385,-0.000,0.000,0.014,0.000,4.50e-01
12.813,-2.312,4.938,1.110,-0.015,-0.093,-0.008,0.002,2.10e+01
12.938,1.812,0.175,0.198,0.009,0.001,0.020,0.000,4.92e-01
12.938,2.562,0.175,0.215,0.005,0.001,0.017,0.000,4.50e-01
13.063,-1.688,0.438,0.462,-0.008,0.005,0.019,0.000,5.43e-01
13.063,1.062,0.688,0.659,-0.000,0.010,0.022,0.001,6.65e-01
13.063,1.688,0.563,0.586,0.000,0.008,0.019,0.000,5.59e-01
13.188,-0.562,4.938,0.842,0.051,0.262,-0.102,0.227,1.11e+00
13.188,1.188,0.813,0.762,-0.016,0.014,0.021,0.000,6.75e-01
13.188,1.688,0.438,0.463,0.008,0.005,0.018,0.000,5.43e-01
13.250,-3.750,1.250,1.096,0.019,0.004,0.012,0.000,2.10e+00
13.250,3.250,1.250,1.094,-0.026,0.006,0.013,0.000,2.05e+00
13.250,3.750,0.300,0.378,0.000,0.000,0.012,0.000,4.57e-01
13.250,4.750,0.750,0.878,-0.003,0.005,0.011,0.000,6.98e-01
13.250,4.750,0.300,0.382,-0.000,0.000,0.011,0.000,4.54e-01
13.312,0.062,0.175,0.285,0.003,-0.005,0.026,0.004,3.54e-01
13.313,-2.312,0.688,0.752,0.014,0.009,0.015,0.000,5.88e-01
13.313,-1.312,4.563,1.055,0.070,-0.090,-0.044,0.128,1.63e+00
13.313,-0.188,5.688,0.909,-0.043,0.431,-0.041,0.167,1.77e+00
13.313,0.812,0.438,0.482,0.024,0.002,0.021,0.002,5.84e-01
13.375,-2.875,0.070,0.088,-0.002,0.000,0.012,0.000,4.32e-01
13.438,-1.812,0.175,0.197,-0.008,0.001,0.015,0.000,4.97e-01
13.438,-1.438,5.688,1.065,-0.110,-0.123,-0.035,0.075,1.82e+00
13.438,0.062,1.688,1.077,-0.008,0.027,0.034,0.007,5.92e+00
13.438,1.312,1.313,1.066,-0.057,0.021,0.019,0.000,1.61e+00
13.438,1.438,0.438,0.446,0.012,0.005,0.017,0.001,5.73e-01
13.563,0.188,5.438,0.926,0.014,0.473,-0.070,0.162,1.47e+00
13.563,0.312,0.563,0.710,0.013,-0.019,0.022,0.004,6.56e-01
13.563,1.812,0.688,0.709,-0.010,0.010,0.014,0.000,5.94e-01
13.563,2.438,0.070,0.086,0.002,0.000,0.012,0.000,4.45e-01
13.563,2.438,0.175,0.211,0.005,0.001,0.012,0.000,4.60e-01
13.688,-1.562,0.020,0.023,-0.001,0.000,0.013,0.001,4.81e-01
13.688,0.812,0.175,0.214,0.019,0.000,0.017,0.003,4.67e-01
13.750,-4.250,0.300,0.378,0.000,0.000,0.008,0.000,4.59e-01
13.750,-3.750,0.300,0.375,-0.000,0.000,0.008,0.000,4.61e-01
13.750,3.750,0.300,0.375,0.000,0.000,0.008,0.000,4.61e-01
13.750,-4.250,0.750,0.869,0.007,0.005,0.008,0.000,6.97e-01
13.750,0.750,7.250,1.084,0.070,0.041,0.037,0.003,2.28e+01
13.750,-4.750,0.300,0.379,0.000,0.000,0.008,0.000,4.58e-01
13.813,-2.438,0.313,0.366,-0.004,0.002,0.010,0.000,4.83e-01
13.813,2.062,0.438,0.484,0.003,0.004,0.011,0.000,5.24e-01
13.938,-1.062,0.938,0.843,0.024,0.013,0.013,0.000,7.84e-01
14.063,-1.438,1.188,1.017,0.046,0.019,0.011,0.000,1.14e+00
14.063,-0.062,0.313,0.480,-0.004,-0.012,0.017,0.004,4.10e-01
14.188,-2.312,0.070,0.084,-0.002,0.000,0.007,0.000,4.55e-01
14.188,0.938,0.438,0.467,0.020,0.003,0.010,0.002,5.94e-01
14.250,-3.750,0.020,0.025,-0.000,0.000,0.005,0.000,4.26e-01
14.250,-4.750,0.750,0.864,0.002,0.004,0.005,0.000,6.98e-01
14.250,-4.250,0.300,0.375,0.000,0.000,0.005,0.000,4.62e-01
14.250,-3.750,0.750,0.857,0.011,0.006,0.006,0.000,6.96e-01
14.250,-3.750,1.250,1.091,0.018,0.004,0.005,0.000,1.98e+00
14.250,-3.250,0.300,0.366,-0.000,0.000,0.005,0.000,4.72e-01
14.250,3.250,0.300,0.366,0.000,0.000,0.005,0.000,4.72e-01
14.250,4.250,0.750,0.862,-0.007,0.005,0.005,0.000,6.97e-01
14.250,4.250,0.070,0.089,-0.000,0.000,0.005,0.000,4.29e-01
14.313,-2.062,0.175,0.201,-0.005,0.001,0.006,0.000,4.86e-01
14.313,-1.938,0.175,0.198,-0.005,0.001,0.006,0.000,4.93e-01
14.313,-0.562,5.188,0.834,0.029,0.260,-0.070,0.217,1.15e+00
14.313,1.312,0.938,0.855,-0.026,0.015,0.008,0.000,7.51e-01
14.375,1.625,6.375,1.096,0.118,-0.047,0.004,0.009,1.87e+01
14.438,-0.938,0.438,0.468,-0.020,0.003,0.007,0.002,5.94e-01
14.438,0.688,0.020,0.027,0.002,-0.000,0.008,0.003,3.97e-01
14.563,-0.688,4.313,1.020,0.090,0.135,-0.007,0.185,2.24e+00
14.563,0.062,0.438,0.629,0.003,-0.018,0.008,0.004,5.03e-01
14.563,0.312,3.938,1.086,-0.049,0.260,0.006,0.093,9.86e+00
14.563,1.438,1.688,1.129,-0.061,0.015,0.006,0.000,9.44e+00
14.688,-0.688,0.563,0.625,-0.017,-0.002,0.004,0.002,6.50e-01
14.750,-3.750,0.750,0.850,0.011,0.005,0.001,0.000,6.96e-01
14.750,-3.250,0.300,0.363,0.000,0.001,0.002,0.000,4.76e-01
14.750,-4.750,0.750,0.856,0.002,0.004,0.001,0.000,6.98e-01
14.750,-4.250,1.250,1.090,0.011,0.002,0.001,0.000,1.95e+00
14.750,0.250,7.250,1.084,0.035,0.087,0.019,0.019,6.18e+00
14.813,-2.312,0.313,0.357,-0.002,0.002,0.002,0.000,4.98e-01
14.813,-2.188,0.438,0.482,-0.001,0.004,0.002,0.000,5.28e-01
14.813,-0.062,1.063,0.986,0.002,-0.026,0.004,0.004,1.97e+00
14.813,0.812,0.688,0.691,0.006,0.002,0.002,0.002,7.35e-01
14.875,1.125,6.375,1.005,0.170,-0.001,-0.001,0.096,1.73e+00
14.875,2.875,0.625,0.706,-0.010,0.005,0.001,0.000,5.75e-01
14.938,0.688,1.063,0.931,-0.027,0.002,0.001,0.001,1.10e+00
